yearID,teamID,lgID,name,Named Correct,W,L,win_pct,payroll,median_payroll_year,rel_payroll_med,rel_payroll_c,franchise,Mean WP,Mean RelP,head_baseball_ops
1998,ARI,NL,Arizona Diamondbacks,Arizona Diamondbacks,65,97,0.401234568,32347000,42469917,0.761645002,-0.238354998,ARI,0.494668911,-0.041634372,Joe Garagiola Jr.
1999,ARI,NL,Arizona Diamondbacks,Arizona Diamondbacks,100,62,0.617283951,68703999,49773187,1.380341568,0.380341568,ARI,0.494668911,-0.041634372,Joe Garagiola Jr.
2000,ARI,NL,Arizona Diamondbacks,Arizona Diamondbacks,85,77,0.524691358,81027833,56543083.5,1.433028197,0.433028197,ARI,0.494668911,-0.041634372,Joe Garagiola Jr.
2001,ARI,NL,Arizona Diamondbacks,Arizona Diamondbacks,92,70,0.567901235,85082999,63998000,1.329463405,0.329463405,ARI,0.494668911,-0.041634372,Joe Garagiola Jr.
2002,ARI,NL,Arizona Diamondbacks,Arizona Diamondbacks,98,64,0.604938272,102819999,61107577,1.682606381,0.682606381,ARI,0.494668911,-0.041634372,Joe Garagiola Jr.
2003,ARI,NL,Arizona Diamondbacks,Arizona Diamondbacks,84,78,0.518518519,80657000,68979833.5,1.169283773,0.169283773,ARI,0.494668911,-0.041634372,Joe Garagiola Jr.
2004,ARI,NL,Arizona Diamondbacks,Arizona Diamondbacks,51,111,0.314814815,69780750,62319083.5,1.119733252,0.119733252,ARI,0.494668911,-0.041634372,Joe Garagiola Jr.
2005,ARI,NL,Arizona Diamondbacks,Arizona Diamondbacks,77,85,0.475308642,62329166,66191416.5,0.941650282,-0.058349718,ARI,0.494668911,-0.041634372,Joe Garagiola Jr.
2006,ARI,NL,Arizona Diamondbacks,Arizona Diamondbacks,76,86,0.469135802,59684226,71975291,0.82923216,-0.17076784,ARI,0.494668911,-0.041634372,Josh Byrnes
2007,ARI,NL,Arizona Diamondbacks,Arizona Diamondbacks,90,72,0.555555556,52067546,84616816.5,0.615333313,-0.384666687,ARI,0.494668911,-0.041634372,Josh Byrnes
2008,ARI,NL,Arizona Diamondbacks,Arizona Diamondbacks,82,80,0.50617284,66202712,79953782.5,0.828012258,-0.171987742,ARI,0.494668911,-0.041634372,Kevin Towers
2009,ARI,NL,Arizona Diamondbacks,Arizona Diamondbacks,70,92,0.432098765,73115666,81058733,0.902008498,-0.097991502,ARI,0.494668911,-0.041634372,Kevin Towers
2010,ARI,NL,Arizona Diamondbacks,Arizona Diamondbacks,65,97,0.401234568,60718166,84325333,0.720046561,-0.279953439,ARI,0.494668911,-0.041634372,Kevin Towers
2011,ARI,NL,Arizona Diamondbacks,Arizona Diamondbacks,94,68,0.580246914,53639833,86556646,0.61970785,-0.38029215,ARI,0.494668911,-0.041634372,Kevin Towers
2012,ARI,NL,Arizona Diamondbacks,Arizona Diamondbacks,81,81,0.5,73804833,85513487.5,0.863078272,-0.136921728,ARI,0.494668911,-0.041634372,Kevin Towers
2013,ARI,NL,Arizona Diamondbacks,Arizona Diamondbacks,81,81,0.5,90132000,89001762.5,1.012699046,0.012699046,ARI,0.494668911,-0.041634372,Kevin Towers
2014,ARI,NL,Arizona Diamondbacks,Arizona Diamondbacks,64,98,0.395061728,97861500,97735250,1.001291755,0.001291755,ARI,0.494668911,-0.041634372,Kevin Towers
2015,ARI,NL,Arizona Diamondbacks,Arizona Diamondbacks,79,83,0.487654321,61834000,112683050,0.54874269,-0.45125731,ARI,0.494668911,-0.041634372,Dave Stewart
2016,ARI,NL,Arizona Diamondbacks,Arizona Diamondbacks,69,93,0.425925926,87439063,122242896,0.715289525,-0.284710475,ARI,0.494668911,-0.041634372,Dave Stewart
2017,ARI,NL,Arizona Diamondbacks,Arizona Diamondbacks,93,69,0.574074074,93257600,135944410.5,0.685998046,-0.314001954,ARI,0.494668911,-0.041634372,Mike Hazen
2018,ARI,NL,Arizona Diamondbacks,Arizona Diamondbacks,82,80,0.50617284,132500000,137845000,0.961224564,-0.038775436,ARI,0.494668911,-0.041634372,Mike Hazen
2019,ARI,NL,Arizona Diamondbacks,Arizona Diamondbacks,85,77,0.524691358,96777231,100430133.5,0.963627426,-0.036372574,ARI,0.494668911,-0.041634372,Mike Hazen
1998,ATL,NL,Atlanta Braves,Atlanta Braves,106,56,0.654320988,61186000,42469917,1.44069036,0.44069036,ATL,0.54592729,0.143837473,John Schuerholz
1999,ATL,NL,Atlanta Braves,Atlanta Braves,103,59,0.635802469,73140000,49773187,1.469465879,0.469465879,ATL,0.54592729,0.143837473,John Schuerholz
2000,ATL,NL,Atlanta Braves,Atlanta Braves,95,67,0.586419753,84537836,56543083.5,1.495104808,0.495104808,ATL,0.54592729,0.143837473,John Schuerholz
2001,ATL,NL,Atlanta Braves,Atlanta Braves,88,74,0.543209877,91936166,63998000,1.436547486,0.436547486,ATL,0.54592729,0.143837473,John Schuerholz
2002,ATL,NL,Atlanta Braves,Atlanta Braves,101,59,0.63125,92870367,61107577,1.519784805,0.519784805,ATL,0.54592729,0.143837473,John Schuerholz
2003,ATL,NL,Atlanta Braves,Atlanta Braves,101,61,0.62345679,106243667,68979833.5,1.540213445,0.540213445,ATL,0.54592729,0.143837473,John Schuerholz
2004,ATL,NL,Atlanta Braves,Atlanta Braves,96,66,0.592592593,90182500,62319083.5,1.447108894,0.447108894,ATL,0.54592729,0.143837473,John Schuerholz
2005,ATL,NL,Atlanta Braves,Atlanta Braves,90,72,0.555555556,86457302,66191416.5,1.306170899,0.306170899,ATL,0.54592729,0.143837473,John Schuerholz
2006,ATL,NL,Atlanta Braves,Atlanta Braves,79,83,0.487654321,90156876,71975291,1.252608704,0.252608704,ATL,0.54592729,0.143837473,John Schuerholz
2007,ATL,NL,Atlanta Braves,Atlanta Braves,84,78,0.518518519,87290833,84616816.5,1.031601478,0.031601478,ATL,0.54592729,0.143837473,John Schuerholz
2008,ATL,NL,Atlanta Braves,Atlanta Braves,72,90,0.444444444,102365683,79953782.5,1.280310697,0.280310697,ATL,0.54592729,0.143837473,Frank Wren
2009,ATL,NL,Atlanta Braves,Atlanta Braves,86,76,0.530864198,96726166,81058733,1.193284948,0.193284948,ATL,0.54592729,0.143837473,Frank Wren
2010,ATL,NL,Atlanta Braves,Atlanta Braves,91,71,0.561728395,84423666,84325333,1.001166115,0.001166115,ATL,0.54592729,0.143837473,Frank Wren
2011,ATL,NL,Atlanta Braves,Atlanta Braves,89,73,0.549382716,87002692,86556646,1.005153226,0.005153226,ATL,0.54592729,0.143837473,Frank Wren
2012,ATL,NL,Atlanta Braves,Atlanta Braves,94,68,0.580246914,82829942,85513487.5,0.968618453,-0.031381547,ATL,0.54592729,0.143837473,Frank Wren
2013,ATL,NL,Atlanta Braves,Atlanta Braves,96,66,0.592592593,87871525,89001762.5,0.987300954,-0.012699046,ATL,0.54592729,0.143837473,Frank Wren
2014,ATL,NL,Atlanta Braves,Atlanta Braves,79,83,0.487654321,97609000,97735250,0.998708245,-0.001291755,ATL,0.54592729,0.143837473,Frank Wren
2015,ATL,NL,Atlanta Braves,Atlanta Braves,67,95,0.413580247,71781250,112683050,0.637019055,-0.362980945,ATL,0.54592729,0.143837473,John Coppolella
2016,ATL,NL,Atlanta Braves,Atlanta Braves,68,93,0.422360248,68498291,122242896,0.560345781,-0.439654219,ATL,0.54592729,0.143837473,John Coppolella
2017,ATL,NL,Atlanta Braves,Atlanta Braves,72,90,0.444444444,112437541,135944410.5,0.827084693,-0.172915307,ATL,0.54592729,0.143837473,John Coppolella
2018,ATL,NL,Atlanta Braves,Atlanta Braves,90,72,0.555555556,120540000,137845000,0.874460445,-0.125539555,ATL,0.54592729,0.143837473,Alex Anthopoulos
2019,ATL,NL,Atlanta Braves,Atlanta Braves,97,65,0.598765432,89551043,100430133.5,0.891675037,-0.108324963,ATL,0.54592729,0.143837473,Alex Anthopoulos
1998,BAL,AL,Baltimore Orioles,Baltimore Orioles,79,83,0.487654321,72355634,42469917,1.703691439,0.703691439,BAL,0.451967919,0.075626599,Pat Gillick
1999,BAL,AL,Baltimore Orioles,Baltimore Orioles,78,84,0.481481481,80605863,49773187,1.619463568,0.619463568,BAL,0.451967919,0.075626599,Frank Wren
2000,BAL,AL,Baltimore Orioles,Baltimore Orioles,74,88,0.456790123,81447435,56543083.5,1.440449122,0.440449122,BAL,0.451967919,0.075626599,Syd Thrift
2001,BAL,AL,Baltimore Orioles,Baltimore Orioles,63,98,0.391304348,67599540,63998000,1.056275821,0.056275821,BAL,0.451967919,0.075626599,Syd Thrift
2002,BAL,AL,Baltimore Orioles,Baltimore Orioles,67,95,0.413580247,60493487,61107577,0.989950673,-0.010049327,BAL,0.451967919,0.075626599,Syd Thrift
2003,BAL,AL,Baltimore Orioles,Baltimore Orioles,71,91,0.438271605,73877500,68979833.5,1.071001425,0.071001425,BAL,0.451967919,0.075626599,Jim Beattie / Mike Flanagan
2004,BAL,AL,Baltimore Orioles,Baltimore Orioles,78,84,0.481481481,51623333,62319083.5,0.828371184,-0.171628816,BAL,0.451967919,0.075626599,Jim Beattie / Mike Flanagan
2005,BAL,AL,Baltimore Orioles,Baltimore Orioles,74,88,0.456790123,73914333,66191416.5,1.116675498,0.116675498,BAL,0.451967919,0.075626599,Jim Beattie / Mike Flanagan
2006,BAL,AL,Baltimore Orioles,Baltimore Orioles,70,92,0.432098765,72585582,71975291,1.008479174,0.008479174,BAL,0.451967919,0.075626599,Mike Flanagan
2007,BAL,AL,Baltimore Orioles,Baltimore Orioles,69,93,0.425925926,93174808,84616816.5,1.101138188,0.101138188,BAL,0.451967919,0.075626599,Mike Flanagan
2008,BAL,AL,Baltimore Orioles,Baltimore Orioles,68,93,0.422360248,67196246,79953782.5,0.840438612,-0.159561388,BAL,0.451967919,0.075626599,Andy MacPhail
2009,BAL,AL,Baltimore Orioles,Baltimore Orioles,64,98,0.395061728,67101666,81058733,0.827815382,-0.172184618,BAL,0.451967919,0.075626599,Andy MacPhail
2010,BAL,AL,Baltimore Orioles,Baltimore Orioles,66,96,0.407407407,81612500,84325333,0.967828968,-0.032171032,BAL,0.451967919,0.075626599,Andy MacPhail
2011,BAL,AL,Baltimore Orioles,Baltimore Orioles,69,93,0.425925926,85304038,86556646,0.98552846,-0.01447154,BAL,0.451967919,0.075626599,Andy MacPhail
2012,BAL,AL,Baltimore Orioles,Baltimore Orioles,93,69,0.574074074,77353999,85513487.5,0.904582438,-0.095417562,BAL,0.451967919,0.075626599,Dan Duquette
2013,BAL,AL,Baltimore Orioles,Baltimore Orioles,85,77,0.524691358,84393333,89001762.5,0.948220919,-0.051779081,BAL,0.451967919,0.075626599,Dan Duquette
2014,BAL,AL,Baltimore Orioles,Baltimore Orioles,96,66,0.592592593,103416000,97735250,1.05812386,0.05812386,BAL,0.451967919,0.075626599,Dan Duquette
2015,BAL,AL,Baltimore Orioles,Baltimore Orioles,81,81,0.5,115044833,112683050,1.020959523,0.020959523,BAL,0.451967919,0.075626599,Dan Duquette
2016,BAL,AL,Baltimore Orioles,Baltimore Orioles,89,73,0.549382716,161863456,122242896,1.324113395,0.324113395,BAL,0.451967919,0.075626599,Dan Duquette
2017,BAL,AL,Baltimore Orioles,Baltimore Orioles,75,87,0.462962963,163676616,135944410.5,1.203996659,0.203996659,BAL,0.451967919,0.075626599,Dan Duquette
2018,BAL,AL,Baltimore Orioles,Baltimore Orioles,47,115,0.290123457,143090000,137845000,1.038049984,0.038049984,BAL,0.451967919,0.075626599,Dan Duquette
2019,BAL,AL,Baltimore Orioles,Baltimore Orioles,54,108,0.333333333,61124882,100430133.5,0.608630895,-0.391369105,BAL,0.451967919,0.075626599,Mike Elias
1998,BOS,AL,Boston Red Sox,Boston Red Sox,92,70,0.567901235,56757000,42469917,1.336404778,0.336404778,BOS,0.555137294,0.659260565,Dan Duquette
1999,BOS,AL,Boston Red Sox,Boston Red Sox,94,68,0.580246914,63497500,49773187,1.275737075,0.275737075,BOS,0.555137294,0.659260565,Dan Duquette
2000,BOS,AL,Boston Red Sox,Boston Red Sox,85,77,0.524691358,77940333,56543083.5,1.378423817,0.378423817,BOS,0.555137294,0.659260565,Dan Duquette
2001,BOS,AL,Boston Red Sox,Boston Red Sox,82,79,0.50931677,110035833,63998000,1.719363621,0.719363621,BOS,0.555137294,0.659260565,Dan Duquette
2002,BOS,AL,Boston Red Sox,Boston Red Sox,93,69,0.574074074,108366060,61107577,1.773365355,0.773365355,BOS,0.555137294,0.659260565,Dan Duquette
2003,BOS,AL,Boston Red Sox,Boston Red Sox,95,67,0.586419753,99946500,68979833.5,1.448923474,0.448923474,BOS,0.555137294,0.659260565,Theo Epstein
2004,BOS,AL,Boston Red Sox,Boston Red Sox,98,64,0.604938272,127298500,62319083.5,2.042688898,1.042688898,BOS,0.555137294,0.659260565,Theo Epstein
2005,BOS,AL,Boston Red Sox,Boston Red Sox,95,67,0.586419753,123505125,66191416.5,1.865878259,0.865878259,BOS,0.555137294,0.659260565,Theo Epstein
2006,BOS,AL,Boston Red Sox,Boston Red Sox,86,76,0.530864198,120099824,71975291,1.668625751,0.668625751,BOS,0.555137294,0.659260565,Theo Epstein
2007,BOS,AL,Boston Red Sox,Boston Red Sox,96,66,0.592592593,143026214,84616816.5,1.690281198,0.690281198,BOS,0.555137294,0.659260565,Theo Epstein
2008,BOS,AL,Boston Red Sox,Boston Red Sox,95,67,0.586419753,133390035,79953782.5,1.668339268,0.668339268,BOS,0.555137294,0.659260565,Theo Epstein
2009,BOS,AL,Boston Red Sox,Boston Red Sox,95,67,0.586419753,121345999,81058733,1.497013271,0.497013271,BOS,0.555137294,0.659260565,Theo Epstein
2010,BOS,AL,Boston Red Sox,Boston Red Sox,89,73,0.549382716,162447333,84325333,1.926435713,0.926435713,BOS,0.555137294,0.659260565,Theo Epstein
2011,BOS,AL,Boston Red Sox,Boston Red Sox,90,72,0.555555556,161762475,86556646,1.86886256,0.86886256,BOS,0.555137294,0.659260565,Theo Epstein
2012,BOS,AL,Boston Red Sox,Boston Red Sox,69,93,0.425925926,173186617,85513487.5,2.025254987,1.025254987,BOS,0.555137294,0.659260565,Ben Cherington
2013,BOS,AL,Boston Red Sox,Boston Red Sox,97,65,0.598765432,151530000,89001762.5,1.702550553,0.702550553,BOS,0.555137294,0.659260565,Ben Cherington
2014,BOS,AL,Boston Red Sox,Boston Red Sox,71,91,0.438271605,139019929,97735250,1.422413397,0.422413397,BOS,0.555137294,0.659260565,Ben Cherington
2015,BOS,AL,Boston Red Sox,Boston Red Sox,78,84,0.481481481,181103400,112683050,1.607192919,0.607192919,BOS,0.555137294,0.659260565,Ben Cherington
2016,BOS,AL,Boston Red Sox,Boston Red Sox,93,69,0.574074074,188545761,122242896,1.542386242,0.542386242,BOS,0.555137294,0.659260565,Dave Dombrowski
2017,BOS,AL,Boston Red Sox,Boston Red Sox,93,69,0.574074074,199805178,135944410.5,1.469756478,0.469756478,BOS,0.555137294,0.659260565,Dave Dombrowski
2018,BOS,AL,Boston Red Sox,Boston Red Sox,108,54,0.666666667,235650000,137845000,1.709528819,0.709528819,BOS,0.555137294,0.659260565,Dave Dombrowski
2019,BOS,AL,Boston Red Sox,Boston Red Sox,84,78,0.518518519,187232500,100430133.5,1.864305995,0.864305995,BOS,0.555137294,0.659260565,Dave Dombrowski
1998,CHN,NL,Chicago Cubs,Chicago Cubs,90,73,0.552147239,50838000,42469917,1.197035539,0.197035539,CHN,0.499894162,0.280130639,Ed Lynch
1999,CHN,NL,Chicago Cubs,Chicago Cubs,67,95,0.413580247,62343000,49773187,1.252541856,0.252541856,CHN,0.499894162,0.280130639,Ed Lynch
2000,CHN,NL,Chicago Cubs,Chicago Cubs,65,97,0.401234568,60539333,56543083.5,1.070676186,0.070676186,CHN,0.499894162,0.280130639,Ed Lynch
2001,CHN,NL,Chicago Cubs,Chicago Cubs,88,74,0.543209877,64715833,63998000,1.011216491,0.011216491,CHN,0.499894162,0.280130639,Jim Hendry
2002,CHN,NL,Chicago Cubs,Chicago Cubs,67,95,0.413580247,75690833,61107577,1.238648899,0.238648899,CHN,0.499894162,0.280130639,Jim Hendry
2003,CHN,NL,Chicago Cubs,Chicago Cubs,88,74,0.543209877,79868333,68979833.5,1.157850475,0.157850475,CHN,0.499894162,0.280130639,Jim Hendry
2004,CHN,NL,Chicago Cubs,Chicago Cubs,89,73,0.549382716,90560000,62319083.5,1.453166429,0.453166429,CHN,0.499894162,0.280130639,Jim Hendry
2005,CHN,NL,Chicago Cubs,Chicago Cubs,79,83,0.487654321,87032933,66191416.5,1.314867359,0.314867359,CHN,0.499894162,0.280130639,Jim Hendry
2006,CHN,NL,Chicago Cubs,Chicago Cubs,66,96,0.407407407,94424499,71975291,1.311901594,0.311901594,CHN,0.499894162,0.280130639,Jim Hendry
2007,CHN,NL,Chicago Cubs,Chicago Cubs,85,77,0.524691358,99670332,84616816.5,1.177902173,0.177902173,CHN,0.499894162,0.280130639,Jim Hendry
2008,CHN,NL,Chicago Cubs,Chicago Cubs,97,64,0.602484472,118345833,79953782.5,1.480178039,0.480178039,CHN,0.499894162,0.280130639,Jim Hendry
2009,CHN,NL,Chicago Cubs,Chicago Cubs,83,78,0.51552795,134809000,81058733,1.663102728,0.663102728,CHN,0.499894162,0.280130639,Jim Hendry
2010,CHN,NL,Chicago Cubs,Chicago Cubs,75,87,0.462962963,146609000,84325333,1.738611575,0.738611575,CHN,0.499894162,0.280130639,Jim Hendry
2011,CHN,NL,Chicago Cubs,Chicago Cubs,71,91,0.438271605,125047329,86556646,1.444687783,0.444687783,CHN,0.499894162,0.280130639,Jim Hendry
2012,CHN,NL,Chicago Cubs,Chicago Cubs,61,101,0.37654321,88197033,85513487.5,1.031381547,0.031381547,CHN,0.499894162,0.280130639,Theo Epstein
2013,CHN,NL,Chicago Cubs,Chicago Cubs,66,96,0.407407407,100567726,89001762.5,1.129952073,0.129952073,CHN,0.499894162,0.280130639,Theo Epstein
2014,CHN,NL,Chicago Cubs,Chicago Cubs,73,89,0.450617284,65522500,97735250,0.670408067,-0.329591933,CHN,0.499894162,0.280130639,Theo Epstein
2015,CHN,NL,Chicago Cubs,Chicago Cubs,97,65,0.598765432,115879310,112683050,1.028365047,0.028365047,CHN,0.499894162,0.280130639,Theo Epstein
2016,CHN,NL,Chicago Cubs,Chicago Cubs,103,58,0.639751553,154067668,122242896,1.260340462,0.260340462,CHN,0.499894162,0.280130639,Theo Epstein
2017,CHN,NL,Chicago Cubs,Chicago Cubs,92,70,0.567901235,172189880,135944410.5,1.266619785,0.266619785,CHN,0.499894162,0.280130639,Theo Epstein
2018,CHN,NL,Chicago Cubs,Chicago Cubs,95,68,0.582822086,183460000,137845000,1.330915158,0.330915158,CHN,0.499894162,0.280130639,Theo Epstein
2019,CHN,NL,Chicago Cubs,Chicago Cubs,84,78,0.518518519,194081714,100430133.5,1.93250479,0.93250479,CHN,0.499894162,0.280130639,Theo Epstein
1998,CHA,AL,Chicago White Sox,Chicago White Sox,80,82,0.49382716,38335000,42469917,0.90263892,-0.09736108,CHA,0.492527225,0.014447073,Ron Schueler
1999,CHA,AL,Chicago White Sox,Chicago White Sox,75,86,0.465838509,25620000,49773187,0.514734972,-0.485265028,CHA,0.492527225,0.014447073,Ron Schueler
2000,CHA,AL,Chicago White Sox,Chicago White Sox,95,67,0.586419753,31133500,56543083.5,0.550615532,-0.449384468,CHA,0.492527225,0.014447073,Ron Schueler
2001,CHA,AL,Chicago White Sox,Chicago White Sox,83,79,0.512345679,65653667,63998000,1.025870605,0.025870605,CHA,0.492527225,0.014447073,Ken Williams
2002,CHA,AL,Chicago White Sox,Chicago White Sox,81,81,0.5,57052833,61107577,0.933645806,-0.066354194,CHA,0.492527225,0.014447073,Ken Williams
2003,CHA,AL,Chicago White Sox,Chicago White Sox,86,76,0.530864198,51010000,68979833.5,0.739491492,-0.260508508,CHA,0.492527225,0.014447073,Ken Williams
2004,CHA,AL,Chicago White Sox,Chicago White Sox,83,79,0.512345679,65212500,62319083.5,1.046429061,0.046429061,CHA,0.492527225,0.014447073,Ken Williams
2005,CHA,AL,Chicago White Sox,Chicago White Sox,99,63,0.611111111,75178000,66191416.5,1.135766599,0.135766599,CHA,0.492527225,0.014447073,Ken Williams
2006,CHA,AL,Chicago White Sox,Chicago White Sox,90,72,0.555555556,102750667,71975291,1.427582516,0.427582516,CHA,0.492527225,0.014447073,Ken Williams
2007,CHA,AL,Chicago White Sox,Chicago White Sox,72,90,0.444444444,108671833,84616816.5,1.284281748,0.284281748,CHA,0.492527225,0.014447073,Ken Williams
2008,CHA,AL,Chicago White Sox,Chicago White Sox,89,74,0.54601227,121189332,79953782.5,1.515742323,0.515742323,CHA,0.492527225,0.014447073,Ken Williams
2009,CHA,AL,Chicago White Sox,Chicago White Sox,79,83,0.487654321,96068500,81058733,1.185171498,0.185171498,CHA,0.492527225,0.014447073,Ken Williams
2010,CHA,AL,Chicago White Sox,Chicago White Sox,88,74,0.543209877,105530000,84325333,1.251462594,0.251462594,CHA,0.492527225,0.014447073,Ken Williams
2011,CHA,AL,Chicago White Sox,Chicago White Sox,79,83,0.487654321,127789000,86556646,1.476362659,0.476362659,CHA,0.492527225,0.014447073,Ken Williams
2012,CHA,AL,Chicago White Sox,Chicago White Sox,85,77,0.524691358,96919500,85513487.5,1.133382614,0.133382614,CHA,0.492527225,0.014447073,Ken Williams
2013,CHA,AL,Chicago White Sox,Chicago White Sox,63,99,0.388888889,120065277,89001762.5,1.349021341,0.349021341,CHA,0.492527225,0.014447073,Rick Hahn
2014,CHA,AL,Chicago White Sox,Chicago White Sox,73,89,0.450617284,81830500,97735250,0.837267004,-0.162732996,CHA,0.492527225,0.014447073,Rick Hahn
2015,CHA,AL,Chicago White Sox,Chicago White Sox,76,86,0.469135802,112373700,112683050,0.997254689,-0.002745311,CHA,0.492527225,0.014447073,Rick Hahn
2016,CHA,AL,Chicago White Sox,Chicago White Sox,78,84,0.481481481,112998667,122242896,0.92437819,-0.07562181,CHA,0.492527225,0.014447073,Rick Hahn
2017,CHA,AL,Chicago White Sox,Chicago White Sox,67,95,0.413580247,99119770,135944410.5,0.729119863,-0.270880137,CHA,0.492527225,0.014447073,Rick Hahn
2018,CHA,AL,Chicago White Sox,Chicago White Sox,62,100,0.382716049,72180000,137845000,0.523631615,-0.476368385,CHA,0.492527225,0.014447073,Rick Hahn
2019,CHA,AL,Chicago White Sox,Chicago White Sox,72,89,0.447204969,83757121,100430133.5,0.833983966,-0.166016034,CHA,0.492527225,0.014447073,Rick Hahn
1998,CIN,NL,Cincinnati Reds,Cincinnati Reds,77,85,0.475308642,23005000,42469917,0.541677536,-0.458322464,CIN,0.476546308,-0.145595637,Jim Bowden
1999,CIN,NL,Cincinnati Reds,Cincinnati Reds,96,67,0.588957055,33962761,49773187,0.682350539,-0.317649461,CIN,0.476546308,-0.145595637,Jim Bowden
2000,CIN,NL,Cincinnati Reds,Cincinnati Reds,85,77,0.524691358,46867200,56543083.5,0.828875914,-0.171124086,CIN,0.476546308,-0.145595637,Jim Bowden
2001,CIN,NL,Cincinnati Reds,Cincinnati Reds,66,96,0.407407407,48986000,63998000,0.76543017,-0.23456983,CIN,0.476546308,-0.145595637,Jim Bowden
2002,CIN,NL,Cincinnati Reds,Cincinnati Reds,78,84,0.481481481,45050390,61107577,0.737230835,-0.262769165,CIN,0.476546308,-0.145595637,Jim Bowden
2003,CIN,NL,Cincinnati Reds,Cincinnati Reds,69,93,0.425925926,59355667,68979833.5,0.860478548,-0.139521452,CIN,0.476546308,-0.145595637,Jim Bowden
2004,CIN,NL,Cincinnati Reds,Cincinnati Reds,76,86,0.469135802,46615250,62319083.5,0.748009235,-0.251990765,CIN,0.476546308,-0.145595637,Dan O'Brien
2005,CIN,NL,Cincinnati Reds,Cincinnati Reds,73,89,0.450617284,61892583,66191416.5,0.935054517,-0.064945483,CIN,0.476546308,-0.145595637,Dan O'Brien
2006,CIN,NL,Cincinnati Reds,Cincinnati Reds,80,82,0.49382716,60909519,71975291,0.84625596,-0.15374404,CIN,0.476546308,-0.145595637,Dan O'Brien
2007,CIN,NL,Cincinnati Reds,Cincinnati Reds,72,90,0.444444444,68524980,84616816.5,0.809826969,-0.190173031,CIN,0.476546308,-0.145595637,Dan O'Brien
2008,CIN,NL,Cincinnati Reds,Cincinnati Reds,74,88,0.456790123,74117695,79953782.5,0.927006737,-0.072993263,CIN,0.476546308,-0.145595637,Walt Jocketty
2009,CIN,NL,Cincinnati Reds,Cincinnati Reds,78,84,0.481481481,73558500,81058733,0.907471623,-0.092528377,CIN,0.476546308,-0.145595637,Walt Jocketty
2010,CIN,NL,Cincinnati Reds,Cincinnati Reds,91,71,0.561728395,71761542,84325333,0.851008107,-0.148991893,CIN,0.476546308,-0.145595637,Walt Jocketty
2011,CIN,NL,Cincinnati Reds,Cincinnati Reds,79,83,0.487654321,75947134,86556646,0.877426951,-0.122573049,CIN,0.476546308,-0.145595637,Walt Jocketty
2012,CIN,NL,Cincinnati Reds,Cincinnati Reds,97,65,0.598765432,82203616,85513487.5,0.961294158,-0.038705842,CIN,0.476546308,-0.145595637,Walt Jocketty
2013,CIN,NL,Cincinnati Reds,Cincinnati Reds,90,72,0.555555556,106404462,89001762.5,1.195532077,0.195532077,CIN,0.476546308,-0.145595637,Walt Jocketty
2014,CIN,NL,Cincinnati Reds,Cincinnati Reds,76,86,0.469135802,108217500,97735250,1.107251478,0.107251478,CIN,0.476546308,-0.145595637,Walt Jocketty
2015,CIN,NL,Cincinnati Reds,Cincinnati Reds,64,98,0.395061728,113072286,112683050,1.003454255,0.003454255,CIN,0.476546308,-0.145595637,Walt Jocketty
2016,CIN,NL,Cincinnati Reds,Cincinnati Reds,68,94,0.419753086,88940059,122242896,0.727568324,-0.272431676,CIN,0.476546308,-0.145595637,Dick Williams
2017,CIN,NL,Cincinnati Reds,Cincinnati Reds,68,94,0.419753086,93768785,135944410.5,0.689758296,-0.310241704,CIN,0.476546308,-0.145595637,Dick Williams
2018,CIN,NL,Cincinnati Reds,Cincinnati Reds,67,95,0.413580247,101190000,137845000,0.734085386,-0.265914614,CIN,0.476546308,-0.145595637,Dick Williams
2019,CIN,NL,Cincinnati Reds,Cincinnati Reds,75,87,0.462962963,106440714,100430133.5,1.059848377,0.059848377,CIN,0.476546308,-0.145595637,Nick Krall
1998,CLE,AL,Cleveland Indians,Cleveland Indians,89,73,0.549382716,60800166,42469917,1.431605482,0.431605482,CLE,0.521348753,-0.071321782,John Hart
1999,CLE,AL,Cleveland Indians,Cleveland Indians,97,65,0.598765432,72978462,49773187,1.466220397,0.466220397,CLE,0.521348753,-0.071321782,John Hart
2000,CLE,AL,Cleveland Indians,Cleveland Indians,90,72,0.555555556,75880771,56543083.5,1.341999168,0.341999168,CLE,0.521348753,-0.071321782,John Hart
2001,CLE,AL,Cleveland Indians,Cleveland Indians,91,71,0.561728395,93152001,63998000,1.455545501,0.455545501,CLE,0.521348753,-0.071321782,John Hart
2002,CLE,AL,Cleveland Indians,Cleveland Indians,74,88,0.456790123,78909449,61107577,1.291320207,0.291320207,CLE,0.521348753,-0.071321782,Mark Shapiro
2003,CLE,AL,Cleveland Indians,Cleveland Indians,68,94,0.419753086,48584834,68979833.5,0.704333883,-0.295666117,CLE,0.521348753,-0.071321782,Mark Shapiro
2004,CLE,AL,Cleveland Indians,Cleveland Indians,80,82,0.49382716,34319300,62319083.5,0.5507029,-0.4492971,CLE,0.521348753,-0.071321782,Mark Shapiro
2005,CLE,AL,Cleveland Indians,Cleveland Indians,93,69,0.574074074,41502500,66191416.5,0.62700728,-0.37299272,CLE,0.521348753,-0.071321782,Mark Shapiro
2006,CLE,AL,Cleveland Indians,Cleveland Indians,78,84,0.481481481,56031500,71975291,0.778482438,-0.221517562,CLE,0.521348753,-0.071321782,Mark Shapiro
2007,CLE,AL,Cleveland Indians,Cleveland Indians,96,66,0.592592593,61673267,84616816.5,0.728853549,-0.271146451,CLE,0.521348753,-0.071321782,Mark Shapiro
2008,CLE,AL,Cleveland Indians,Cleveland Indians,81,81,0.5,78970066,79953782.5,0.987696436,-0.012303564,CLE,0.521348753,-0.071321782,Mark Shapiro
2009,CLE,AL,Cleveland Indians,Cleveland Indians,65,97,0.401234568,81579166,81058733,1.006420443,0.006420443,CLE,0.521348753,-0.071321782,Mark Shapiro
2010,CLE,AL,Cleveland Indians,Cleveland Indians,69,93,0.425925926,61203966,84325333,0.725807581,-0.274192419,CLE,0.521348753,-0.071321782,Mark Shapiro
2011,CLE,AL,Cleveland Indians,Cleveland Indians,80,82,0.49382716,48776566,86556646,0.563521904,-0.436478096,CLE,0.521348753,-0.071321782,Chris Antonetti
2012,CLE,AL,Cleveland Indians,Cleveland Indians,68,94,0.419753086,78430300,85513487.5,0.917168768,-0.082831232,CLE,0.521348753,-0.071321782,Chris Antonetti
2013,CLE,AL,Cleveland Indians,Cleveland Indians,92,70,0.567901235,75771800,89001762.5,0.85135168,-0.14864832,CLE,0.521348753,-0.071321782,Chris Antonetti
2014,CLE,AL,Cleveland Indians,Cleveland Indians,85,77,0.524691358,82151899,97735250,0.84055547,-0.15944453,CLE,0.521348753,-0.071321782,Chris Antonetti
2015,CLE,AL,Cleveland Indians,Cleveland Indians,81,80,0.50310559,87663766,112683050,0.777967636,-0.222032364,CLE,0.521348753,-0.071321782,Chris Antonetti
2016,CLE,AL,Cleveland Indians,Cleveland Indians,94,67,0.583850932,74311900,122242896,0.607903628,-0.392096372,CLE,0.521348753,-0.071321782,Chris Antonetti
2017,CLE,AL,Cleveland Indians,Cleveland Indians,102,60,0.62962963,124861165,135944410.5,0.918472224,-0.081527776,CLE,0.521348753,-0.071321782,Chris Antonetti
2018,CLE,AL,Cleveland Indians,Cleveland Indians,91,71,0.561728395,134350000,137845000,0.974645435,-0.025354565,CLE,0.521348753,-0.071321782,Chris Antonetti
2019,CLE,AL,Cleveland Indians,Cleveland Indians,93,69,0.574074074,88713833,100430133.5,0.883338794,-0.116661206,CLE,0.521348753,-0.071321782,Chris Antonetti
1998,COL,NL,Colorado Rockies,Colorado Rockies,77,85,0.475308642,50484648,42469917,1.188715485,0.188715485,COL,0.468263067,-0.042951363,Bob Gebhard
1999,COL,NL,Colorado Rockies,Colorado Rockies,72,90,0.444444444,61935837,49773187,1.244361487,0.244361487,COL,0.468263067,-0.042951363,Bob Gebhard
2000,COL,NL,Colorado Rockies,Colorado Rockies,82,80,0.50617284,61111190,56543083.5,1.080789837,0.080789837,COL,0.468263067,-0.042951363,Dan O'Dowd
2001,COL,NL,Colorado Rockies,Colorado Rockies,73,89,0.450617284,71541334,63998000,1.117868277,0.117868277,COL,0.468263067,-0.042951363,Dan O'Dowd
2002,COL,NL,Colorado Rockies,Colorado Rockies,73,89,0.450617284,56851043,61107577,0.930343597,-0.069656403,COL,0.468263067,-0.042951363,Dan O'Dowd
2003,COL,NL,Colorado Rockies,Colorado Rockies,74,88,0.456790123,67179667,68979833.5,0.973903003,-0.026096997,COL,0.468263067,-0.042951363,Dan O'Dowd
2004,COL,NL,Colorado Rockies,Colorado Rockies,68,94,0.419753086,65445167,62319083.5,1.05016254,0.05016254,COL,0.468263067,-0.042951363,Dan O'Dowd
2005,COL,NL,Colorado Rockies,Colorado Rockies,67,95,0.413580247,47839000,66191416.5,0.722737215,-0.277262785,COL,0.468263067,-0.042951363,Dan O'Dowd
2006,COL,NL,Colorado Rockies,Colorado Rockies,76,86,0.469135802,41233000,71975291,0.572877156,-0.427122844,COL,0.468263067,-0.042951363,Dan O'Dowd
2007,COL,NL,Colorado Rockies,Colorado Rockies,90,73,0.552147239,54041000,84616816.5,0.638655556,-0.361344444,COL,0.468263067,-0.042951363,Dan O'Dowd
2008,COL,NL,Colorado Rockies,Colorado Rockies,74,88,0.456790123,68655500,79953782.5,0.858689831,-0.141310169,COL,0.468263067,-0.042951363,Dan O'Dowd
2009,COL,NL,Colorado Rockies,Colorado Rockies,92,70,0.567901235,75201000,81058733,0.927734708,-0.072265292,COL,0.468263067,-0.042951363,Dan O'Dowd
2010,COL,NL,Colorado Rockies,Colorado Rockies,83,79,0.512345679,84227000,84325333,0.998833885,-0.001166115,COL,0.468263067,-0.042951363,Dan O'Dowd
2011,COL,NL,Colorado Rockies,Colorado Rockies,73,89,0.450617284,88148071,86556646,1.018385937,0.018385937,COL,0.468263067,-0.042951363,Dan O'Dowd
2012,COL,NL,Colorado Rockies,Colorado Rockies,64,98,0.395061728,78069571,85513487.5,0.912950381,-0.087049619,COL,0.468263067,-0.042951363,Dan O'Dowd
2013,COL,NL,Colorado Rockies,Colorado Rockies,74,88,0.456790123,74409071,89001762.5,0.836040421,-0.163959579,COL,0.468263067,-0.042951363,Dan O'Dowd
2014,COL,NL,Colorado Rockies,Colorado Rockies,66,96,0.407407407,95403500,97735250,0.97614218,-0.02385782,COL,0.468263067,-0.042951363,Dan O'Dowd
2015,COL,NL,Colorado Rockies,Colorado Rockies,68,94,0.419753086,95688600,112683050,0.849183617,-0.150816383,COL,0.468263067,-0.042951363,Jeff Bridich
2016,COL,NL,Colorado Rockies,Colorado Rockies,75,87,0.462962963,112645071,122242896,0.921485622,-0.078514378,COL,0.468263067,-0.042951363,Jeff Bridich
2017,COL,NL,Colorado Rockies,Colorado Rockies,87,75,0.537037037,130963571,135944410.5,0.963361204,-0.036638796,COL,0.468263067,-0.042951363,Jeff Bridich
2018,COL,NL,Colorado Rockies,Colorado Rockies,91,72,0.558282209,141340000,137845000,1.025354565,0.025354565,COL,0.468263067,-0.042951363,Jeff Bridich
2019,COL,NL,Colorado Rockies,Colorado Rockies,71,91,0.438271605,125185509,100430133.5,1.246493504,0.246493504,COL,0.468263067,-0.042951363,Jeff Bridich
1998,DET,AL,Detroit Tigers,Detroit Tigers,65,97,0.401234568,24065000,42469917,0.566636379,-0.433363621,DET,0.461988859,0.178365484,Randy Smith
1999,DET,AL,Detroit Tigers,Detroit Tigers,69,92,0.428571429,36489666,49773187,0.733118938,-0.266881062,DET,0.461988859,0.178365484,Randy Smith
2000,DET,AL,Detroit Tigers,Detroit Tigers,79,83,0.487654321,58265167,56543083.5,1.03045613,0.03045613,DET,0.461988859,0.178365484,Randy Smith
2001,DET,AL,Detroit Tigers,Detroit Tigers,66,96,0.407407407,53416167,63998000,0.834653692,-0.165346308,DET,0.461988859,0.178365484,Randy Smith
2002,DET,AL,Detroit Tigers,Detroit Tigers,55,106,0.341614907,55048000,61107577,0.900837551,-0.099162449,DET,0.461988859,0.178365484,Randy Smith
2003,DET,AL,Detroit Tigers,Detroit Tigers,43,119,0.265432099,49168000,68979833.5,0.712788035,-0.287211965,DET,0.461988859,0.178365484,Dave Dombrowski
2004,DET,AL,Detroit Tigers,Detroit Tigers,72,90,0.444444444,46832000,62319083.5,0.751487303,-0.248512697,DET,0.461988859,0.178365484,Dave Dombrowski
2005,DET,AL,Detroit Tigers,Detroit Tigers,71,91,0.438271605,69092000,66191416.5,1.043821143,0.043821143,DET,0.461988859,0.178365484,Dave Dombrowski
2006,DET,AL,Detroit Tigers,Detroit Tigers,95,67,0.586419753,82612866,71975291,1.147794818,0.147794818,DET,0.461988859,0.178365484,Dave Dombrowski
2007,DET,AL,Detroit Tigers,Detroit Tigers,88,74,0.543209877,94800369,84616816.5,1.120349038,0.120349038,DET,0.461988859,0.178365484,Dave Dombrowski
2008,DET,AL,Detroit Tigers,Detroit Tigers,74,88,0.456790123,137685196,79953782.5,1.722059816,0.722059816,DET,0.461988859,0.178365484,Dave Dombrowski
2009,DET,AL,Detroit Tigers,Detroit Tigers,86,77,0.527607362,115085145,81058733,1.419774782,0.419774782,DET,0.461988859,0.178365484,Dave Dombrowski
2010,DET,AL,Detroit Tigers,Detroit Tigers,81,81,0.5,122864928,84325333,1.457034602,0.457034602,DET,0.461988859,0.178365484,Dave Dombrowski
2011,DET,AL,Detroit Tigers,Detroit Tigers,95,67,0.586419753,105700231,86556646,1.221168286,0.221168286,DET,0.461988859,0.178365484,Dave Dombrowski
2012,DET,AL,Detroit Tigers,Detroit Tigers,88,74,0.543209877,132300000,85513487.5,1.547124364,0.547124364,DET,0.461988859,0.178365484,Dave Dombrowski
2013,DET,AL,Detroit Tigers,Detroit Tigers,93,69,0.574074074,145989500,89001762.5,1.640298977,0.640298977,DET,0.461988859,0.178365484,Dave Dombrowski
2014,DET,AL,Detroit Tigers,Detroit Tigers,90,72,0.555555556,152855500,97735250,1.563975127,0.563975127,DET,0.461988859,0.178365484,Dave Dombrowski
2015,DET,AL,Detroit Tigers,Detroit Tigers,74,87,0.459627329,172284750,112683050,1.528932257,0.528932257,DET,0.461988859,0.178365484,Dave Dombrowski
2016,DET,AL,Detroit Tigers,Detroit Tigers,86,75,0.534161491,194876481,122242896,1.594174282,0.594174282,DET,0.461988859,0.178365484,Al Avila
2017,DET,AL,Detroit Tigers,Detroit Tigers,64,98,0.395061728,199750600,135944410.5,1.469355005,0.469355005,DET,0.461988859,0.178365484,Al Avila
2018,DET,AL,Detroit Tigers,Detroit Tigers,64,98,0.395061728,129920000,137845000,0.942507889,-0.057492111,DET,0.461988859,0.178365484,Al Avila
2019,DET,AL,Detroit Tigers,Detroit Tigers,47,114,0.291925466,97988900,100430133.5,0.975692221,-0.024307779,DET,0.461988859,0.178365484,Al Avila
1998,HOU,NL,Houston Astros,Houston Astros,102,60,0.62962963,42374000,42469917,0.997741531,-0.002258469,HOU,0.510812054,-0.036812494,Gerry Hunsicker
1999,HOU,NL,Houston Astros,Houston Astros,97,65,0.598765432,54914000,49773187,1.103284787,0.103284787,HOU,0.510812054,-0.036812494,Gerry Hunsicker
2000,HOU,NL,Houston Astros,Houston Astros,72,90,0.444444444,51289111,56543083.5,0.907080191,-0.092919809,HOU,0.510812054,-0.036812494,Gerry Hunsicker
2001,HOU,NL,Houston Astros,Houston Astros,93,69,0.574074074,60612667,63998000,0.947102519,-0.052897481,HOU,0.510812054,-0.036812494,Gerry Hunsicker
2002,HOU,NL,Houston Astros,Houston Astros,84,78,0.518518519,63448417,61107577,1.03830687,0.03830687,HOU,0.510812054,-0.036812494,Gerry Hunsicker
2003,HOU,NL,Houston Astros,Houston Astros,87,75,0.537037037,71040000,68979833.5,1.029866214,0.029866214,HOU,0.510812054,-0.036812494,Gerry Hunsicker
2004,HOU,NL,Houston Astros,Houston Astros,92,70,0.567901235,75397000,62319083.5,1.209854121,0.209854121,HOU,0.510812054,-0.036812494,Gerry Hunsicker
2005,HOU,NL,Houston Astros,Houston Astros,89,73,0.549382716,76779000,66191416.5,1.159954025,0.159954025,HOU,0.510812054,-0.036812494,Tim Purpura
2006,HOU,NL,Houston Astros,Houston Astros,82,80,0.50617284,88694435,71975291,1.232290051,0.232290051,HOU,0.510812054,-0.036812494,Tim Purpura
2007,HOU,NL,Houston Astros,Houston Astros,73,89,0.450617284,87759000,84616816.5,1.037134268,0.037134268,HOU,0.510812054,-0.036812494,Tim Purpura
2008,HOU,NL,Houston Astros,Houston Astros,86,75,0.534161491,88930414,79953782.5,1.112272756,0.112272756,HOU,0.510812054,-0.036812494,Ed Wade
2009,HOU,NL,Houston Astros,Houston Astros,74,88,0.456790123,102996414,81058733,1.270639328,0.270639328,HOU,0.510812054,-0.036812494,Ed Wade
2010,HOU,NL,Houston Astros,Houston Astros,76,86,0.469135802,92355500,84325333,1.095228405,0.095228405,HOU,0.510812054,-0.036812494,Ed Wade
2011,HOU,NL,Houston Astros,Houston Astros,56,106,0.345679012,70694000,86556646,0.816736822,-0.183263178,HOU,0.510812054,-0.036812494,Ed Wade
2012,HOU,NL,Houston Astros,Houston Astros,55,107,0.339506173,60651000,85513487.5,0.709256537,-0.290743463,HOU,0.510812054,-0.036812494,Jeff Luhnow
2013,HOU,AL,Houston Astros,Houston Astros,51,111,0.314814815,17890700,89001762.5,0.20101512,-0.79898488,HOU,0.510812054,-0.036812494,Jeff Luhnow
2014,HOU,AL,Houston Astros,Houston Astros,70,92,0.432098765,35116300,97735250,0.359300252,-0.640699748,HOU,0.510812054,-0.036812494,Jeff Luhnow
2015,HOU,AL,Houston Astros,Houston Astros,86,76,0.530864198,72256200,112683050,0.641233974,-0.358766026,HOU,0.510812054,-0.036812494,Jeff Luhnow
2016,HOU,AL,Houston Astros,Houston Astros,84,78,0.518518519,94893700,122242896,0.776271694,-0.223728306,HOU,0.510812054,-0.036812494,Jeff Luhnow
2017,HOU,AL,Houston Astros,Houston Astros,101,61,0.62345679,124343900,135944410.5,0.914667249,-0.085332751,HOU,0.510812054,-0.036812494,Jeff Luhnow
2018,HOU,AL,Houston Astros,Houston Astros,103,59,0.635802469,160040000,137845000,1.161014183,0.161014183,HOU,0.510812054,-0.036812494,Jeff Luhnow
2019,HOU,AL,Houston Astros,Houston Astros,107,55,0.660493827,147619666,100430133.5,1.469874238,0.469874238,HOU,0.510812054,-0.036812494,Jeff Luhnow
1998,KCA,AL,Kansas City Royals,Kansas City Royals,72,89,0.447204969,36862500,42469917,0.867967319,-0.132032681,KCA,0.439630954,-0.252073011,Herk Robinson
1999,KCA,AL,Kansas City Royals,Kansas City Royals,64,97,0.397515528,26225000,49773187,0.526890111,-0.473109889,KCA,0.439630954,-0.252073011,Herk Robinson
2000,KCA,AL,Kansas City Royals,Kansas City Royals,77,85,0.475308642,23433000,56543083.5,0.414427345,-0.585572655,KCA,0.439630954,-0.252073011,Allard Baird
2001,KCA,AL,Kansas City Royals,Kansas City Royals,65,97,0.401234568,35422500,63998000,0.553493859,-0.446506141,KCA,0.439630954,-0.252073011,Allard Baird
2002,KCA,AL,Kansas City Royals,Kansas City Royals,62,100,0.382716049,47257000,61107577,0.773341087,-0.226658913,KCA,0.439630954,-0.252073011,Allard Baird
2003,KCA,AL,Kansas City Royals,Kansas City Royals,83,79,0.512345679,40518000,68979833.5,0.587389066,-0.412610934,KCA,0.439630954,-0.252073011,Allard Baird
2004,KCA,AL,Kansas City Royals,Kansas City Royals,58,104,0.358024691,47609000,62319083.5,0.763955394,-0.236044606,KCA,0.439630954,-0.252073011,Allard Baird
2005,KCA,AL,Kansas City Royals,Kansas City Royals,56,106,0.345679012,36881000,66191416.5,0.557187049,-0.442812951,KCA,0.439630954,-0.252073011,Allard Baird
2006,KCA,AL,Kansas City Royals,Kansas City Royals,62,100,0.382716049,47294000,71975291,0.65708661,-0.34291339,KCA,0.439630954,-0.252073011,Allard Baird
2007,KCA,AL,Kansas City Royals,Kansas City Royals,69,93,0.425925926,67116500,84616816.5,0.793181578,-0.206818422,KCA,0.439630954,-0.252073011,Dayton Moore
2008,KCA,AL,Kansas City Royals,Kansas City Royals,75,87,0.462962963,58245500,79953782.5,0.728489612,-0.271510388,KCA,0.439630954,-0.252073011,Dayton Moore
2009,KCA,AL,Kansas City Royals,Kansas City Royals,65,97,0.401234568,70519333,81058733,0.869978229,-0.130021771,KCA,0.439630954,-0.252073011,Dayton Moore
2010,KCA,AL,Kansas City Royals,Kansas City Royals,67,95,0.413580247,71405210,84325333,0.846782425,-0.153217575,KCA,0.439630954,-0.252073011,Dayton Moore
2011,KCA,AL,Kansas City Royals,Kansas City Royals,71,91,0.438271605,35712000,86556646,0.412585303,-0.587414697,KCA,0.439630954,-0.252073011,Dayton Moore
2012,KCA,AL,Kansas City Royals,Kansas City Royals,72,90,0.444444444,60916225,85513487.5,0.712358094,-0.287641906,KCA,0.439630954,-0.252073011,Dayton Moore
2013,KCA,AL,Kansas City Royals,Kansas City Royals,86,76,0.530864198,80091725,89001762.5,0.899889202,-0.100110798,KCA,0.439630954,-0.252073011,Dayton Moore
2014,KCA,AL,Kansas City Royals,Kansas City Royals,89,73,0.549382716,74594075,97735250,0.763225909,-0.236774091,KCA,0.439630954,-0.252073011,Dayton Moore
2015,KCA,AL,Kansas City Royals,Kansas City Royals,95,67,0.586419753,112107025,112683050,0.994888095,-0.005111905,KCA,0.439630954,-0.252073011,Dayton Moore
2016,KCA,AL,Kansas City Royals,Kansas City Royals,81,81,0.5,131487125,122242896,1.07562181,0.07562181,KCA,0.439630954,-0.252073011,Dayton Moore
2017,KCA,AL,Kansas City Royals,Kansas City Royals,80,82,0.49382716,140925250,135944410.5,1.036638796,0.036638796,KCA,0.439630954,-0.252073011,Dayton Moore
2018,KCA,AL,Kansas City Royals,Kansas City Royals,58,104,0.358024691,129920000,137845000,0.942507889,-0.057492111,KCA,0.439630954,-0.252073011,Dayton Moore
2019,KCA,AL,Kansas City Royals,Kansas City Royals,59,103,0.364197531,67941887,100430133.5,0.676508978,-0.323491022,KCA,0.439630954,-0.252073011,Dayton Moore
1998,ANA,AL,Anaheim Angels,Los Angeles Angels of Anaheim,85,77,0.524691358,41281000,42469917,0.972005667,-0.027994333,LAA,0.526655443,0.264166697,Bill Bavasi
1999,ANA,AL,Anaheim Angels,Los Angeles Angels of Anaheim,70,92,0.432098765,55388166,49773187,1.112811321,0.112811321,LAA,0.526655443,0.264166697,Bill Bavasi
2000,ANA,AL,Anaheim Angels,Los Angeles Angels of Anaheim,82,80,0.50617284,51464167,56543083.5,0.910176167,-0.089823833,LAA,0.526655443,0.264166697,Bill Stoneman
2001,ANA,AL,Anaheim Angels,Los Angeles Angels of Anaheim,75,87,0.462962963,47535167,63998000,0.742760196,-0.257239804,LAA,0.526655443,0.264166697,Bill Stoneman
2002,ANA,AL,Anaheim Angels,Los Angeles Angels of Anaheim,99,63,0.611111111,61721667,61107577,1.010049327,0.010049327,LAA,0.526655443,0.264166697,Bill Stoneman
2003,ANA,AL,Anaheim Angels,Los Angeles Angels of Anaheim,77,85,0.475308642,79031667,68979833.5,1.145721336,0.145721336,LAA,0.526655443,0.264166697,Bill Stoneman
2004,ANA,AL,Anaheim Angels,Los Angeles Angels of Anaheim,92,70,0.567901235,100534667,62319083.5,1.613224415,0.613224415,LAA,0.526655443,0.264166697,Bill Stoneman
2005,LAA,AL,Los Angeles Angels of Anaheim,Los Angeles Angels of Anaheim,95,67,0.586419753,94867822,66191416.5,1.433234504,0.433234504,LAA,0.526655443,0.264166697,Bill Stoneman
2006,LAA,AL,Los Angeles Angels of Anaheim,Los Angeles Angels of Anaheim,89,73,0.549382716,103472000,71975291,1.437604469,0.437604469,LAA,0.526655443,0.264166697,Bill Stoneman
2007,LAA,AL,Los Angeles Angels of Anaheim,Los Angeles Angels of Anaheim,94,68,0.580246914,109251333,84616816.5,1.291130268,0.291130268,LAA,0.526655443,0.264166697,Bill Stoneman
2008,LAA,AL,Los Angeles Angels of Anaheim,Los Angeles Angels of Anaheim,100,62,0.617283951,119216333,79953782.5,1.491065579,0.491065579,LAA,0.526655443,0.264166697,Tony Reagins
2009,LAA,AL,Los Angeles Angels of Anaheim,Los Angeles Angels of Anaheim,97,65,0.598765432,113709000,81058733,1.402797648,0.402797648,LAA,0.526655443,0.264166697,Tony Reagins
2010,LAA,AL,Los Angeles Angels of Anaheim,Los Angeles Angels of Anaheim,80,82,0.49382716,104963866,84325333,1.244748906,0.244748906,LAA,0.526655443,0.264166697,Tony Reagins
2011,LAA,AL,Los Angeles Angels of Anaheim,Los Angeles Angels of Anaheim,86,76,0.530864198,138543166,86556646,1.600606914,0.600606914,LAA,0.526655443,0.264166697,Tony Reagins
2012,LAA,AL,Los Angeles Angels of Anaheim,Los Angeles Angels of Anaheim,89,73,0.549382716,154485166,85513487.5,1.806559065,0.806559065,LAA,0.526655443,0.264166697,Jerry Dipoto
2013,LAA,AL,Los Angeles Angels of Anaheim,Los Angeles Angels of Anaheim,78,84,0.481481481,124174750,89001762.5,1.395194281,0.395194281,LAA,0.526655443,0.264166697,Jerry Dipoto
2014,LAA,AL,Los Angeles Angels of Anaheim,Los Angeles Angels of Anaheim,98,64,0.604938272,121988250,97735250,1.248149977,0.248149977,LAA,0.526655443,0.264166697,Jerry Dipoto
2015,LAA,AL,Los Angeles Angels of Anaheim,Los Angeles Angels of Anaheim,85,77,0.524691358,120005415,112683050,1.064981956,0.064981956,LAA,0.526655443,0.264166697,Jerry Dipoto
2016,LAA,AL,Los Angeles Angels of Anaheim,Los Angeles Angels of Anaheim,74,88,0.456790123,137251333,122242896,1.122775535,0.122775535,LAA,0.526655443,0.264166697,Billy Eppler
2017,LAA,AL,Los Angeles Angels,Los Angeles Angels of Anaheim,80,82,0.49382716,160375333,135944410.5,1.179712593,0.179712593,LAA,0.526655443,0.264166697,Billy Eppler
2018,LAA,AL,Los Angeles Angels,Los Angeles Angels of Anaheim,80,82,0.49382716,175100000,137845000,1.270267329,0.270267329,LAA,0.526655443,0.264166697,Billy Eppler
2019,LAA,AL,Los Angeles Angels,Los Angeles Angels of Anaheim,72,90,0.444444444,132175083,100430133.5,1.316089887,0.316089887,LAA,0.526655443,0.264166697,Billy Eppler
1998,LAN,NL,Los Angeles Dodgers,Los Angeles Dodgers,83,79,0.512345679,48820000,42469917,1.149519553,0.149519553,LAN,0.544597334,0.511848711,Fred Claire
1999,LAN,NL,Los Angeles Dodgers,Los Angeles Dodgers,77,85,0.475308642,80862453,49773187,1.624618753,0.624618753,LAN,0.544597334,0.511848711,Kevin Malone
2000,LAN,NL,Los Angeles Dodgers,Los Angeles Dodgers,86,76,0.530864198,87924286,56543083.5,1.554996306,0.554996306,LAN,0.544597334,0.511848711,Kevin Malone
2001,LAN,NL,Los Angeles Dodgers,Los Angeles Dodgers,86,76,0.530864198,109105953,63998000,1.704833792,0.704833792,LAN,0.544597334,0.511848711,Dan Evans
2002,LAN,NL,Los Angeles Dodgers,Los Angeles Dodgers,92,70,0.567901235,94850953,61107577,1.552196269,0.552196269,LAN,0.544597334,0.511848711,Dan Evans
2003,LAN,NL,Los Angeles Dodgers,Los Angeles Dodgers,85,77,0.524691358,105572620,68979833.5,1.530485283,0.530485283,LAN,0.544597334,0.511848711,Dan Evans
2004,LAN,NL,Los Angeles Dodgers,Los Angeles Dodgers,93,69,0.574074074,92902001,62319083.5,1.490747228,0.490747228,LAN,0.544597334,0.511848711,Dan Evans
2005,LAN,NL,Los Angeles Dodgers,Los Angeles Dodgers,71,91,0.438271605,83039000,66191416.5,1.254528221,0.254528221,LAN,0.544597334,0.511848711,Paul DePodesta
2006,LAN,NL,Los Angeles Dodgers,Los Angeles Dodgers,88,74,0.543209877,98447187,71975291,1.367791441,0.367791441,LAN,0.544597334,0.511848711,Ned Colletti
2007,LAN,NL,Los Angeles Dodgers,Los Angeles Dodgers,82,80,0.50617284,108454524,84616816.5,1.281713594,0.281713594,LAN,0.544597334,0.511848711,Ned Colletti
2008,LAN,NL,Los Angeles Dodgers,Los Angeles Dodgers,84,78,0.518518519,118588536,79953782.5,1.48321358,0.48321358,LAN,0.544597334,0.511848711,Ned Colletti
2009,LAN,NL,Los Angeles Dodgers,Los Angeles Dodgers,95,67,0.586419753,100414592,81058733,1.238788077,0.238788077,LAN,0.544597334,0.511848711,Ned Colletti
2010,LAN,NL,Los Angeles Dodgers,Los Angeles Dodgers,80,82,0.49382716,95358016,84325333,1.13083474,0.13083474,LAN,0.544597334,0.511848711,Ned Colletti
2011,LAN,NL,Los Angeles Dodgers,Los Angeles Dodgers,82,79,0.50931677,104188999,86556646,1.203708829,0.203708829,LAN,0.544597334,0.511848711,Ned Colletti
2012,LAN,NL,Los Angeles Dodgers,Los Angeles Dodgers,86,76,0.530864198,95143575,85513487.5,1.112614838,0.112614838,LAN,0.544597334,0.511848711,Ned Colletti
2013,LAN,NL,Los Angeles Dodgers,Los Angeles Dodgers,92,70,0.567901235,223362196,89001762.5,2.509637896,1.509637896,LAN,0.544597334,0.511848711,Ned Colletti
2014,LAN,NL,Los Angeles Dodgers,Los Angeles Dodgers,94,68,0.580246914,217014600,97735250,2.220433262,1.220433262,LAN,0.544597334,0.511848711,Ned Colletti
2015,LAN,NL,Los Angeles Dodgers,Los Angeles Dodgers,92,70,0.567901235,215792000,112683050,1.915035136,0.915035136,LAN,0.544597334,0.511848711,Andrew Friedman
2016,LAN,NL,Los Angeles Dodgers,Los Angeles Dodgers,91,71,0.561728395,221288380,122242896,1.810235091,0.810235091,LAN,0.544597334,0.511848711,Andrew Friedman
2017,LAN,NL,Los Angeles Dodgers,Los Angeles Dodgers,104,58,0.641975309,242065828,135944410.5,1.780623617,0.780623617,LAN,0.544597334,0.511848711,Andrew Friedman
2018,LAN,NL,Los Angeles Dodgers,Los Angeles Dodgers,92,71,0.564417178,186140000,137845000,1.350357285,0.350357285,LAN,0.544597334,0.511848711,Andrew Friedman
2019,LAN,NL,Los Angeles Dodgers,Los Angeles Dodgers,106,56,0.654320988,99803334,100430133.5,0.99375885,-0.00624115,LAN,0.544597334,0.511848711,Andrew Friedman
1998,FLO,NL,Florida Marlins,Miami Marlins,54,108,0.333333333,41322667,42469917,0.972986761,-0.027013239,MIA,0.459566333,-0.382746815,Dave Dombrowski
1999,FLO,NL,Florida Marlins,Miami Marlins,64,98,0.395061728,21085000,49773187,0.423621658,-0.576378342,MIA,0.459566333,-0.382746815,Larry Beinfest
2000,FLO,NL,Florida Marlins,Miami Marlins,79,82,0.49068323,19872000,56543083.5,0.35144882,-0.64855118,MIA,0.459566333,-0.382746815,Larry Beinfest
2001,FLO,NL,Florida Marlins,Miami Marlins,76,86,0.469135802,35762500,63998000,0.558806525,-0.441193475,MIA,0.459566333,-0.382746815,Larry Beinfest
2002,FLO,NL,Florida Marlins,Miami Marlins,79,83,0.487654321,41979917,61107577,0.686983825,-0.313016175,MIA,0.459566333,-0.382746815,Larry Beinfest
2003,FLO,NL,Florida Marlins,Miami Marlins,91,71,0.561728395,49450000,68979833.5,0.716876187,-0.283123813,MIA,0.459566333,-0.382746815,Larry Beinfest
2004,FLO,NL,Florida Marlins,Miami Marlins,83,79,0.512345679,42143042,62319083.5,0.676246177,-0.323753823,MIA,0.459566333,-0.382746815,Larry Beinfest
2005,FLO,NL,Florida Marlins,Miami Marlins,83,79,0.512345679,60408834,66191416.5,0.912638484,-0.087361516,MIA,0.459566333,-0.382746815,Larry Beinfest
2006,FLO,NL,Florida Marlins,Miami Marlins,78,84,0.481481481,14671500,71975291,0.203840788,-0.796159212,MIA,0.459566333,-0.382746815,Larry Beinfest
2007,FLO,NL,Florida Marlins,Miami Marlins,71,91,0.438271605,30507000,84616816.5,0.360531172,-0.639468828,MIA,0.459566333,-0.382746815,Larry Beinfest
2008,FLO,NL,Florida Marlins,Miami Marlins,84,77,0.52173913,21811500,79953782.5,0.272801352,-0.727198648,MIA,0.459566333,-0.382746815,Michael Hill
2009,FLO,NL,Florida Marlins,Miami Marlins,87,75,0.537037037,36834000,81058733,0.454411248,-0.545588752,MIA,0.459566333,-0.382746815,Michael Hill
2010,FLO,NL,Florida Marlins,Miami Marlins,80,82,0.49382716,57029719,84325333,0.676305885,-0.323694115,MIA,0.459566333,-0.382746815,Michael Hill
2011,FLO,NL,Florida Marlins,Miami Marlins,72,90,0.444444444,56944000,86556646,0.657881314,-0.342118686,MIA,0.459566333,-0.382746815,Michael Hill
2012,MIA,NL,Miami Marlins,Miami Marlins,69,93,0.425925926,118078000,85513487.5,1.380811419,0.380811419,MIA,0.459566333,-0.382746815,Michael Hill
2013,MIA,NL,Miami Marlins,Miami Marlins,62,100,0.382716049,33601900,89001762.5,0.377541962,-0.622458038,MIA,0.459566333,-0.382746815,Michael Hill
2014,MIA,NL,Miami Marlins,Miami Marlins,77,85,0.475308642,41836900,97735250,0.42806357,-0.57193643,MIA,0.459566333,-0.382746815,Michael Hill
2015,MIA,NL,Miami Marlins,Miami Marlins,71,91,0.438271605,68056500,112683050,0.60396395,-0.39603605,MIA,0.459566333,-0.382746815,Michael Hill
2016,MIA,NL,Miami Marlins,Miami Marlins,79,82,0.49068323,77314202,122242896,0.632463763,-0.367536237,MIA,0.459566333,-0.382746815,Michael Hill
2017,MIA,NL,Miami Marlins,Miami Marlins,77,85,0.475308642,111881100,135944410.5,0.822991542,-0.177008458,MIA,0.459566333,-0.382746815,Michael Hill
2018,MIA,NL,Miami Marlins,Miami Marlins,63,98,0.391304348,98640000,137845000,0.715586347,-0.284413653,MIA,0.459566333,-0.382746815,Michael Hill
2019,MIA,NL,Miami Marlins,Miami Marlins,57,105,0.351851852,69574714,100430133.5,0.692767316,-0.307232684,MIA,0.459566333,-0.382746815,Michael Hill
1998,MIL,NL,Milwaukee Brewers,Milwaukee Brewers,74,88,0.456790123,33914904,42469917,0.798562992,-0.201437008,MIL,0.480720207,-0.193366812,Sal Bando
1999,MIL,NL,Milwaukee Brewers,Milwaukee Brewers,74,87,0.459627329,43377395,49773187,0.871501256,-0.128498744,MIL,0.480720207,-0.193366812,Sal Bando
2000,MIL,NL,Milwaukee Brewers,Milwaukee Brewers,73,89,0.450617284,36505333,56543083.5,0.645619778,-0.354380222,MIL,0.480720207,-0.193366812,Dean Taylor
2001,MIL,NL,Milwaukee Brewers,Milwaukee Brewers,68,94,0.419753086,43886833,63998000,0.685753195,-0.314246805,MIL,0.480720207,-0.193366812,Dean Taylor
2002,MIL,NL,Milwaukee Brewers,Milwaukee Brewers,56,106,0.345679012,50287833,61107577,0.822939404,-0.177060596,MIL,0.480720207,-0.193366812,Dean Taylor
2003,MIL,NL,Milwaukee Brewers,Milwaukee Brewers,68,94,0.419753086,40627000,68979833.5,0.588969238,-0.411030762,MIL,0.480720207,-0.193366812,Doug Melvin
2004,MIL,NL,Milwaukee Brewers,Milwaukee Brewers,67,94,0.416149068,27528500,62319083.5,0.441734673,-0.558265327,MIL,0.480720207,-0.193366812,Doug Melvin
2005,MIL,NL,Milwaukee Brewers,Milwaukee Brewers,81,81,0.5,39934833,66191416.5,0.603323438,-0.396676562,MIL,0.480720207,-0.193366812,Doug Melvin
2006,MIL,NL,Milwaukee Brewers,Milwaukee Brewers,75,87,0.462962963,57568333,71975291,0.799834668,-0.200165332,MIL,0.480720207,-0.193366812,Doug Melvin
2007,MIL,NL,Milwaukee Brewers,Milwaukee Brewers,83,79,0.512345679,70986500,84616816.5,0.838917167,-0.161082833,MIL,0.480720207,-0.193366812,Doug Melvin
2008,MIL,NL,Milwaukee Brewers,Milwaukee Brewers,90,72,0.555555556,80937499,79953782.5,1.012303564,0.012303564,MIL,0.480720207,-0.193366812,Doug Melvin
2009,MIL,NL,Milwaukee Brewers,Milwaukee Brewers,80,82,0.49382716,80182502,81058733,0.989190172,-0.010809828,MIL,0.480720207,-0.193366812,Doug Melvin
2010,MIL,NL,Milwaukee Brewers,Milwaukee Brewers,77,85,0.475308642,81108278,84325333,0.961849484,-0.038150516,MIL,0.480720207,-0.193366812,Doug Melvin
2011,MIL,NL,Milwaukee Brewers,Milwaukee Brewers,96,66,0.592592593,85497333,86556646,0.987761621,-0.012238379,MIL,0.480720207,-0.193366812,Doug Melvin
2012,MIL,NL,Milwaukee Brewers,Milwaukee Brewers,83,79,0.512345679,97653944,85513487.5,1.141971248,0.141971248,MIL,0.480720207,-0.193366812,Doug Melvin
2013,MIL,NL,Milwaukee Brewers,Milwaukee Brewers,74,88,0.456790123,76947033,89001762.5,0.864556283,-0.135443717,MIL,0.480720207,-0.193366812,Doug Melvin
2014,MIL,NL,Milwaukee Brewers,Milwaukee Brewers,82,80,0.50617284,101217000,97735250,1.035624301,0.035624301,MIL,0.480720207,-0.193366812,Doug Melvin
2015,MIL,NL,Milwaukee Brewers,Milwaukee Brewers,68,94,0.419753086,100850000,112683050,0.894988199,-0.105011801,MIL,0.480720207,-0.193366812,Doug Melvin
2016,MIL,NL,Milwaukee Brewers,Milwaukee Brewers,73,89,0.450617284,68775237,122242896,0.562611319,-0.437388681,MIL,0.480720207,-0.193366812,David Stearns
2017,MIL,NL,Milwaukee Brewers,Milwaukee Brewers,86,76,0.530864198,63061300,135944410.5,0.463875637,-0.536124363,MIL,0.480720207,-0.193366812,David Stearns
2018,MIL,NL,Milwaukee Brewers,Milwaukee Brewers,96,67,0.588957055,90240000,137845000,0.654648337,-0.345351663,MIL,0.480720207,-0.193366812,David Stearns
2019,MIL,NL,Milwaukee Brewers,Milwaukee Brewers,89,73,0.549382716,108403700,100430133.5,1.079394164,0.079394164,MIL,0.480720207,-0.193366812,David Stearns
1998,MIN,AL,Minnesota Twins,Minnesota Twins,70,92,0.432098765,27927500,42469917,0.657583108,-0.342416892,MIN,0.494191283,-0.182351658,Terry Ryan
1999,MIN,AL,Minnesota Twins,Minnesota Twins,63,97,0.39375,21257500,49773187,0.427087379,-0.572912621,MIN,0.494191283,-0.182351658,Terry Ryan
2000,MIN,AL,Minnesota Twins,Minnesota Twins,69,93,0.425925926,16519500,56543083.5,0.292157749,-0.707842251,MIN,0.494191283,-0.182351658,Terry Ryan
2001,MIN,AL,Minnesota Twins,Minnesota Twins,85,77,0.524691358,24130000,63998000,0.377043033,-0.622956967,MIN,0.494191283,-0.182351658,Terry Ryan
2002,MIN,AL,Minnesota Twins,Minnesota Twins,94,67,0.583850932,40425000,61107577,0.661538257,-0.338461743,MIN,0.494191283,-0.182351658,Terry Ryan
2003,MIN,AL,Minnesota Twins,Minnesota Twins,90,72,0.555555556,55505000,68979833.5,0.804655465,-0.195344535,MIN,0.494191283,-0.182351658,Terry Ryan
2004,MIN,AL,Minnesota Twins,Minnesota Twins,92,70,0.567901235,53585000,62319083.5,0.859848974,-0.140151026,MIN,0.494191283,-0.182351658,Terry Ryan
2005,MIN,AL,Minnesota Twins,Minnesota Twins,83,79,0.512345679,56186000,66191416.5,0.848841179,-0.151158821,MIN,0.494191283,-0.182351658,Terry Ryan
2006,MIN,AL,Minnesota Twins,Minnesota Twins,96,66,0.592592593,63396006,71975291,0.880802358,-0.119197642,MIN,0.494191283,-0.182351658,Terry Ryan
2007,MIN,AL,Minnesota Twins,Minnesota Twins,79,83,0.487654321,71439500,84616816.5,0.844270713,-0.155729287,MIN,0.494191283,-0.182351658,Terry Ryan
2008,MIN,AL,Minnesota Twins,Minnesota Twins,88,75,0.539877301,56932766,79953782.5,0.712070952,-0.287929048,MIN,0.494191283,-0.182351658,Bill Smith
2009,MIN,AL,Minnesota Twins,Minnesota Twins,87,76,0.533742331,65299266,81058733,0.805579653,-0.194420347,MIN,0.494191283,-0.182351658,Bill Smith
2010,MIN,AL,Minnesota Twins,Minnesota Twins,94,68,0.580246914,97559166,84325333,1.156937809,0.156937809,MIN,0.494191283,-0.182351658,Bill Smith
2011,MIN,AL,Minnesota Twins,Minnesota Twins,63,99,0.388888889,112737000,86556646,1.302464978,0.302464978,MIN,0.494191283,-0.182351658,Bill Smith
2012,MIN,AL,Minnesota Twins,Minnesota Twins,66,96,0.407407407,94085000,85513487.5,1.100235796,0.100235796,MIN,0.494191283,-0.182351658,Terry Ryan
2013,MIN,AL,Minnesota Twins,Minnesota Twins,66,96,0.407407407,75337500,89001762.5,0.846472001,-0.153527999,MIN,0.494191283,-0.182351658,Terry Ryan
2014,MIN,AL,Minnesota Twins,Minnesota Twins,70,92,0.432098765,83762500,97735250,0.857034693,-0.142965307,MIN,0.494191283,-0.182351658,Terry Ryan
2015,MIN,AL,Minnesota Twins,Minnesota Twins,83,79,0.512345679,107755000,112683050,0.956266271,-0.043733729,MIN,0.494191283,-0.182351658,Terry Ryan
2016,MIN,AL,Minnesota Twins,Minnesota Twins,59,103,0.364197531,102583200,122242896,0.839175145,-0.160824855,MIN,0.494191283,-0.182351658,Terry Ryan
2017,MIN,AL,Minnesota Twins,Minnesota Twins,85,77,0.524691358,108077500,135944410.5,0.795012458,-0.204987542,MIN,0.494191283,-0.182351658,Derek Falvey / Thad Levine
2018,MIN,AL,Minnesota Twins,Minnesota Twins,78,84,0.481481481,131910000,137845000,0.956944394,-0.043055606,MIN,0.494191283,-0.182351658,Derek Falvey / Thad Levine
2019,MIN,AL,Minnesota Twins,Minnesota Twins,101,61,0.62345679,101056933,100430133.5,1.00624115,0.00624115,MIN,0.494191283,-0.182351658,Derek Falvey / Thad Levine
1998,MON,NL,Montreal Expos,Montreal Expos,65,97,0.401234568,10641500,42469917,0.250565594,-0.749434406,WAS,0.441798942,-0.139725441,Omar Minaya
1999,MON,NL,Montreal Expos,Montreal Expos,68,94,0.419753086,17903000,49773187,0.359691655,-0.640308345,WAS,0.441798942,-0.139725441,Omar Minaya
2000,MON,NL,Montreal Expos,Montreal Expos,67,95,0.413580247,32994333,56543083.5,0.583525534,-0.416474466,WAS,0.441798942,-0.139725441,Omar Minaya
2001,MON,NL,Montreal Expos,Montreal Expos,68,94,0.419753086,35159500,63998000,0.549384356,-0.450615644,WAS,0.441798942,-0.139725441,Omar Minaya
2002,MON,NL,Montreal Expos,Montreal Expos,83,79,0.512345679,38670500,61107577,0.632826597,-0.367173403,WAS,0.441798942,-0.139725441,Omar Minaya
2003,MON,NL,Montreal Expos,Montreal Expos,83,79,0.512345679,51948500,68979833.5,0.753096918,-0.246903082,WAS,0.441798942,-0.139725441,Jim Bowden
2004,MON,NL,Montreal Expos,Montreal Expos,67,95,0.413580247,40897500,62319083.5,0.656259651,-0.343740349,WAS,0.441798942,-0.139725441,Jim Bowden
1998,NYN,NL,New York Mets,New York Mets,88,74,0.543209877,52077999,42469917,1.226232653,0.226232653,NYN,0.503165175,0.303270762,Steve Phillips
1999,NYN,NL,New York Mets,New York Mets,97,66,0.595092025,65092092,49773187,1.307774244,0.307774244,NYN,0.503165175,0.303270762,Steve Phillips
2000,NYN,NL,New York Mets,New York Mets,94,68,0.580246914,79509776,56543083.5,1.406180404,0.406180404,NYN,0.503165175,0.303270762,Steve Phillips
2001,NYN,NL,New York Mets,New York Mets,82,80,0.50617284,93174428,63998000,1.455895934,0.455895934,NYN,0.503165175,0.303270762,Steve Phillips
2002,NYN,NL,New York Mets,New York Mets,75,86,0.465838509,94633593,61107577,1.548639263,0.548639263,NYN,0.503165175,0.303270762,Steve Phillips
2003,NYN,NL,New York Mets,New York Mets,66,95,0.409937888,116876429,68979833.5,1.694356496,0.694356496,NYN,0.503165175,0.303270762,Steve Phillips
2004,NYN,NL,New York Mets,New York Mets,71,91,0.438271605,96660970,62319083.5,1.551065333,0.551065333,NYN,0.503165175,0.303270762,Steve Phillips
2005,NYN,NL,New York Mets,New York Mets,83,79,0.512345679,101305821,66191416.5,1.530497855,0.530497855,NYN,0.503165175,0.303270762,Omar Minaya
2006,NYN,NL,New York Mets,New York Mets,97,65,0.598765432,101084963,71975291,1.404439796,0.404439796,NYN,0.503165175,0.303270762,Omar Minaya
2007,NYN,NL,New York Mets,New York Mets,88,74,0.543209877,115231663,84616816.5,1.3618057,0.3618057,NYN,0.503165175,0.303270762,Omar Minaya
2008,NYN,NL,New York Mets,New York Mets,89,73,0.549382716,137793376,79953782.5,1.723412848,0.723412848,NYN,0.503165175,0.303270762,Omar Minaya
2009,NYN,NL,New York Mets,New York Mets,70,92,0.432098765,149373987,81058733,1.842787094,0.842787094,NYN,0.503165175,0.303270762,Omar Minaya
2010,NYN,NL,New York Mets,New York Mets,79,83,0.487654321,134422942,84325333,1.594099154,0.594099154,NYN,0.503165175,0.303270762,Omar Minaya
2011,NYN,NL,New York Mets,New York Mets,77,85,0.475308642,118847309,86556646,1.373058159,0.373058159,NYN,0.503165175,0.303270762,Sandy Alderson
2012,NYN,NL,New York Mets,New York Mets,74,88,0.456790123,93353983,85513487.5,1.091687238,0.091687238,NYN,0.503165175,0.303270762,Sandy Alderson
2013,NYN,NL,New York Mets,New York Mets,74,88,0.456790123,49448346,89001762.5,0.555588391,-0.444411609,NYN,0.503165175,0.303270762,Sandy Alderson
2014,NYN,NL,New York Mets,New York Mets,79,83,0.487654321,85556990,97735250,0.875395418,-0.124604582,NYN,0.503165175,0.303270762,Sandy Alderson
2015,NYN,NL,New York Mets,New York Mets,90,72,0.555555556,96766683,112683050,0.85875101,-0.14124899,NYN,0.503165175,0.303270762,Sandy Alderson
2016,NYN,NL,New York Mets,New York Mets,87,75,0.537037037,133889129,122242896,1.095271246,0.095271246,NYN,0.503165175,0.303270762,Sandy Alderson
2017,NYN,NL,New York Mets,New York Mets,70,92,0.432098765,155187460,135944410.5,1.141550869,0.141550869,NYN,0.503165175,0.303270762,Sandy Alderson
2018,NYN,NL,New York Mets,New York Mets,77,85,0.475308642,154610000,137845000,1.121622112,0.121622112,NYN,0.503165175,0.303270762,Sandy Alderson
2019,NYN,NL,New York Mets,New York Mets,86,76,0.530864198,91576770,100430133.5,0.911845547,-0.088154453,NYN,0.503165175,0.303270762,Brodie Van Wagenen
1998,NYA,AL,New York Yankees,New York Yankees,114,48,0.703703704,66806867,42469917,1.573039735,0.573039735,NYA,0.589328739,1.109912838,Brian Cashman
1999,NYA,AL,New York Yankees,New York Yankees,98,64,0.604938272,86734359,49773187,1.742592031,0.742592031,NYA,0.589328739,1.109912838,Brian Cashman
2000,NYA,AL,New York Yankees,New York Yankees,87,74,0.540372671,92338260,56543083.5,1.633060213,0.633060213,NYA,0.589328739,1.109912838,Brian Cashman
2001,NYA,AL,New York Yankees,New York Yankees,95,65,0.59375,112287143,63998000,1.754541439,0.754541439,NYA,0.589328739,1.109912838,Brian Cashman
2002,NYA,AL,New York Yankees,New York Yankees,103,58,0.639751553,125928583,61107577,2.060768716,1.060768716,NYA,0.589328739,1.109912838,Brian Cashman
2003,NYA,AL,New York Yankees,New York Yankees,101,61,0.62345679,152749814,68979833.5,2.214412622,1.214412622,NYA,0.589328739,1.109912838,Brian Cashman
2004,NYA,AL,New York Yankees,New York Yankees,101,61,0.62345679,184193950,62319083.5,2.955658839,1.955658839,NYA,0.589328739,1.109912838,Brian Cashman
2005,NYA,AL,New York Yankees,New York Yankees,95,67,0.586419753,208306817,66191416.5,3.147036701,2.147036701,NYA,0.589328739,1.109912838,Brian Cashman
2006,NYA,AL,New York Yankees,New York Yankees,97,65,0.598765432,194663079,71975291,2.704582035,1.704582035,NYA,0.589328739,1.109912838,Brian Cashman
2007,NYA,AL,New York Yankees,New York Yankees,94,68,0.580246914,189259045,84616816.5,2.236659955,1.236659955,NYA,0.589328739,1.109912838,Brian Cashman
2008,NYA,AL,New York Yankees,New York Yankees,89,73,0.549382716,207896789,79953782.5,2.600212054,1.600212054,NYA,0.589328739,1.109912838,Brian Cashman
2009,NYA,AL,New York Yankees,New York Yankees,103,59,0.635802469,201449189,81058733,2.485224991,1.485224991,NYA,0.589328739,1.109912838,Brian Cashman
2010,NYA,AL,New York Yankees,New York Yankees,95,67,0.586419753,206333389,84325333,2.4468731,1.4468731,NYA,0.589328739,1.109912838,Brian Cashman
2011,NYA,AL,New York Yankees,New York Yankees,97,65,0.598765432,202275028,86556646,2.336909265,1.336909265,NYA,0.589328739,1.109912838,Brian Cashman
2012,NYA,AL,New York Yankees,New York Yankees,95,67,0.586419753,196522289,85513487.5,2.298143775,1.298143775,NYA,0.589328739,1.109912838,Brian Cashman
2013,NYA,AL,New York Yankees,New York Yankees,85,77,0.524691358,231978886,89001762.5,2.606452721,1.606452721,NYA,0.589328739,1.109912838,Brian Cashman
2014,NYA,AL,New York Yankees,New York Yankees,84,78,0.518518519,197543907,97735250,2.021214526,1.021214526,NYA,0.589328739,1.109912838,Brian Cashman
2015,NYA,AL,New York Yankees,New York Yankees,87,75,0.537037037,212751957,112683050,1.888056429,0.888056429,NYA,0.589328739,1.109912838,Brian Cashman
2016,NYA,AL,New York Yankees,New York Yankees,84,78,0.518518519,222997792,122242896,1.824218824,0.824218824,NYA,0.589328739,1.109912838,Brian Cashman
2017,NYA,AL,New York Yankees,New York Yankees,91,71,0.561728395,201539699,135944410.5,1.482515524,0.482515524,NYA,0.589328739,1.109912838,Brian Cashman
2018,NYA,AL,New York Yankees,New York Yankees,100,62,0.617283951,168540000,137845000,1.222677645,0.222677645,NYA,0.589328739,1.109912838,Brian Cashman
2019,NYA,AL,New York Yankees,New York Yankees,103,59,0.635802469,118832077,100430133.5,1.183231296,0.183231296,NYA,0.589328739,1.109912838,Brian Cashman
1998,OAK,AL,Oakland Athletics,Oakland Athletics,74,88,0.456790123,21303000,42469917,0.501602111,-0.498397889,OAK,0.530592328,-0.306146389,Billy Beane
1999,OAK,AL,Oakland Athletics,Oakland Athletics,87,75,0.537037037,24431833,49773187,0.490863344,-0.509136656,OAK,0.530592328,-0.306146389,Billy Beane
2000,OAK,AL,Oakland Athletics,Oakland Athletics,91,70,0.565217391,31971333,56543083.5,0.565433136,-0.434566864,OAK,0.530592328,-0.306146389,Billy Beane
2001,OAK,AL,Oakland Athletics,Oakland Athletics,102,60,0.62962963,33810750,63998000,0.528309478,-0.471690522,OAK,0.530592328,-0.306146389,Billy Beane
2002,OAK,AL,Oakland Athletics,Oakland Athletics,103,59,0.635802469,40004167,61107577,0.654651501,-0.345348499,OAK,0.530592328,-0.306146389,Billy Beane
2003,OAK,AL,Oakland Athletics,Oakland Athletics,96,66,0.592592593,50260834,68979833.5,0.72863084,-0.27136916,OAK,0.530592328,-0.306146389,Billy Beane
2004,OAK,AL,Oakland Athletics,Oakland Athletics,91,71,0.561728395,59425667,62319083.5,0.953570939,-0.046429061,OAK,0.530592328,-0.306146389,Billy Beane
2005,OAK,AL,Oakland Athletics,Oakland Athletics,88,74,0.543209877,55425762,66191416.5,0.837355732,-0.162644268,OAK,0.530592328,-0.306146389,Billy Beane
2006,OAK,AL,Oakland Athletics,Oakland Athletics,93,69,0.574074074,62243079,71975291,0.864783985,-0.135216015,OAK,0.530592328,-0.306146389,Billy Beane
2007,OAK,AL,Oakland Athletics,Oakland Athletics,76,86,0.469135802,79366940,84616816.5,0.937957055,-0.062042945,OAK,0.530592328,-0.306146389,Billy Beane
2008,OAK,AL,Oakland Athletics,Oakland Athletics,75,86,0.465838509,47967126,79953782.5,0.599935669,-0.400064331,OAK,0.530592328,-0.306146389,Billy Beane
2009,OAK,AL,Oakland Athletics,Oakland Athletics,75,87,0.462962963,61910000,81058733,0.763767181,-0.236232819,OAK,0.530592328,-0.306146389,Billy Beane
2010,OAK,AL,Oakland Athletics,Oakland Athletics,81,81,0.5,55254900,84325333,0.655258604,-0.344741396,OAK,0.530592328,-0.306146389,Billy Beane
2011,OAK,AL,Oakland Athletics,Oakland Athletics,74,88,0.456790123,66536500,86556646,0.768704693,-0.231295307,OAK,0.530592328,-0.306146389,Billy Beane
2012,OAK,AL,Oakland Athletics,Oakland Athletics,94,68,0.580246914,55372500,85513487.5,0.647529432,-0.352470568,OAK,0.530592328,-0.306146389,Billy Beane
2013,OAK,AL,Oakland Athletics,Oakland Athletics,96,66,0.592592593,60132500,89001762.5,0.675632688,-0.324367312,OAK,0.530592328,-0.306146389,Billy Beane
2014,OAK,AL,Oakland Athletics,Oakland Athletics,88,74,0.543209877,72408400,97735250,0.740862688,-0.259137312,OAK,0.530592328,-0.306146389,Billy Beane
2015,OAK,AL,Oakland Athletics,Oakland Athletics,68,94,0.419753086,79053501,112683050,0.701556277,-0.298443723,OAK,0.530592328,-0.306146389,Billy Beane
2016,OAK,AL,Oakland Athletics,Oakland Athletics,69,93,0.425925926,86806234,122242896,0.710112709,-0.289887291,OAK,0.530592328,-0.306146389,David Forst
2017,OAK,AL,Oakland Athletics,Oakland Athletics,75,87,0.462962963,81738333,135944410.5,0.601262918,-0.398737082,OAK,0.530592328,-0.306146389,David Forst
2018,OAK,AL,Oakland Athletics,Oakland Athletics,97,65,0.598765432,68530000,137845000,0.497152599,-0.502847401,OAK,0.530592328,-0.306146389,David Forst
2019,OAK,AL,Oakland Athletics,Oakland Athletics,97,65,0.598765432,84345833,100430133.5,0.839845872,-0.160154128,OAK,0.530592328,-0.306146389,David Forst
1998,PHI,NL,Philadelphia Phillies,Philadelphia Phillies,75,87,0.462962963,36297500,42469917,0.854663785,-0.145336215,PHI,0.502103506,0.207879705,Ed Wade
1999,PHI,NL,Philadelphia Phillies,Philadelphia Phillies,77,85,0.475308642,31692500,49773187,0.636738411,-0.363261589,PHI,0.502103506,0.207879705,Ed Wade
2000,PHI,NL,Philadelphia Phillies,Philadelphia Phillies,65,97,0.401234568,47308000,56543083.5,0.836671739,-0.163328261,PHI,0.502103506,0.207879705,Ed Wade
2001,PHI,NL,Philadelphia Phillies,Philadelphia Phillies,86,76,0.530864198,41663833,63998000,0.651017735,-0.348982265,PHI,0.502103506,0.207879705,Ed Wade
2002,PHI,NL,Philadelphia Phillies,Philadelphia Phillies,80,81,0.49689441,57954999,61107577,0.948409376,-0.051590624,PHI,0.502103506,0.207879705,Ed Wade
2003,PHI,NL,Philadelphia Phillies,Philadelphia Phillies,86,76,0.530864198,70780000,68979833.5,1.026096997,0.026096997,PHI,0.502103506,0.207879705,Ed Wade
2004,PHI,NL,Philadelphia Phillies,Philadelphia Phillies,86,76,0.530864198,92919167,62319083.5,1.491022682,0.491022682,PHI,0.502103506,0.207879705,Ed Wade
2005,PHI,NL,Philadelphia Phillies,Philadelphia Phillies,88,74,0.543209877,95522000,66191416.5,1.443117628,0.443117628,PHI,0.502103506,0.207879705,Ed Wade
2006,PHI,NL,Philadelphia Phillies,Philadelphia Phillies,85,77,0.524691358,88273333,71975291,1.226439404,0.226439404,PHI,0.502103506,0.207879705,Pat Gillick
2007,PHI,NL,Philadelphia Phillies,Philadelphia Phillies,89,73,0.549382716,89428213,84616816.5,1.056860996,0.056860996,PHI,0.502103506,0.207879705,Pat Gillick
2008,PHI,NL,Philadelphia Phillies,Philadelphia Phillies,92,70,0.567901235,97879880,79953782.5,1.224205747,0.224205747,PHI,0.502103506,0.207879705,Pat Gillick
2009,PHI,NL,Philadelphia Phillies,Philadelphia Phillies,93,69,0.574074074,113004046,81058733,1.394100818,0.394100818,PHI,0.502103506,0.207879705,Ruben Amaro Jr.
2010,PHI,NL,Philadelphia Phillies,Philadelphia Phillies,97,65,0.598765432,141928379,84325333,1.683104874,0.683104874,PHI,0.502103506,0.207879705,Ruben Amaro Jr.
2011,PHI,NL,Philadelphia Phillies,Philadelphia Phillies,102,60,0.62962963,172976379,86556646,1.998418227,0.998418227,PHI,0.502103506,0.207879705,Ruben Amaro Jr.
2012,PHI,NL,Philadelphia Phillies,Philadelphia Phillies,81,81,0.5,174538938,85513487.5,2.041069112,1.041069112,PHI,0.502103506,0.207879705,Ruben Amaro Jr.
2013,PHI,NL,Philadelphia Phillies,Philadelphia Phillies,73,89,0.450617284,169863189,89001762.5,1.908537362,0.908537362,PHI,0.502103506,0.207879705,Ruben Amaro Jr.
2014,PHI,NL,Philadelphia Phillies,Philadelphia Phillies,73,89,0.450617284,180944967,97735250,1.851378771,0.851378771,PHI,0.502103506,0.207879705,Ruben Amaro Jr.
2015,PHI,NL,Philadelphia Phillies,Philadelphia Phillies,63,99,0.388888889,111693000,112683050,0.991213852,-0.008786148,PHI,0.502103506,0.207879705,Ruben Amaro Jr.
2016,PHI,NL,Philadelphia Phillies,Philadelphia Phillies,71,91,0.438271605,58980000,122242896,0.482482025,-0.517517975,PHI,0.502103506,0.207879705,Matt Klentak
2017,PHI,NL,Philadelphia Phillies,Philadelphia Phillies,66,96,0.407407407,111378000,135944410.5,0.819290764,-0.180709236,PHI,0.502103506,0.207879705,Matt Klentak
2018,PHI,NL,Philadelphia Phillies,Philadelphia Phillies,80,82,0.49382716,96850000,137845000,0.702600747,-0.297399253,PHI,0.502103506,0.207879705,Matt Klentak
2019,PHI,NL,Philadelphia Phillies,Philadelphia Phillies,81,81,0.5,131152962,100430133.5,1.305912453,0.305912453,PHI,0.502103506,0.207879705,Matt Klentak
1998,PIT,NL,Pittsburgh Pirates,Pittsburgh Pirates,69,93,0.425925926,15065000,42469917,0.354721673,-0.645278327,PIT,0.455319238,-0.36159653,Cam Bonifay
1999,PIT,NL,Pittsburgh Pirates,Pittsburgh Pirates,78,83,0.48447205,24697666,49773187,0.496204231,-0.503795769,PIT,0.455319238,-0.36159653,Cam Bonifay
2000,PIT,NL,Pittsburgh Pirates,Pittsburgh Pirates,69,93,0.425925926,28928334,56543083.5,0.511615784,-0.488384216,PIT,0.455319238,-0.36159653,Cam Bonifay
2001,PIT,NL,Pittsburgh Pirates,Pittsburgh Pirates,62,100,0.382716049,57760833,63998000,0.90254122,-0.09745878,PIT,0.455319238,-0.36159653,Cam Bonifay
2002,PIT,NL,Pittsburgh Pirates,Pittsburgh Pirates,72,89,0.447204969,42323599,61107577,0.692608038,-0.307391962,PIT,0.455319238,-0.36159653,Dave Littlefield
2003,PIT,NL,Pittsburgh Pirates,Pittsburgh Pirates,75,87,0.462962963,54812429,68979833.5,0.79461527,-0.20538473,PIT,0.455319238,-0.36159653,Dave Littlefield
2004,PIT,NL,Pittsburgh Pirates,Pittsburgh Pirates,72,89,0.447204969,32227929,62319083.5,0.517143822,-0.482856178,PIT,0.455319238,-0.36159653,Dave Littlefield
2005,PIT,NL,Pittsburgh Pirates,Pittsburgh Pirates,67,95,0.413580247,38133000,66191416.5,0.576101888,-0.423898112,PIT,0.455319238,-0.36159653,Dave Littlefield
2006,PIT,NL,Pittsburgh Pirates,Pittsburgh Pirates,67,95,0.413580247,46717750,71975291,0.649080391,-0.350919609,PIT,0.455319238,-0.36159653,Dave Littlefield
2007,PIT,NL,Pittsburgh Pirates,Pittsburgh Pirates,68,94,0.419753086,38537833,84616816.5,0.45543941,-0.54456059,PIT,0.455319238,-0.36159653,Dave Littlefield
2008,PIT,NL,Pittsburgh Pirates,Pittsburgh Pirates,67,95,0.413580247,48689783,79953782.5,0.608974103,-0.391025897,PIT,0.455319238,-0.36159653,Neal Huntington
2009,PIT,NL,Pittsburgh Pirates,Pittsburgh Pirates,62,99,0.385093168,48693000,81058733,0.600712572,-0.399287428,PIT,0.455319238,-0.36159653,Neal Huntington
2010,PIT,NL,Pittsburgh Pirates,Pittsburgh Pirates,57,105,0.351851852,34943000,84325333,0.414383184,-0.585616816,PIT,0.455319238,-0.36159653,Neal Huntington
2011,PIT,NL,Pittsburgh Pirates,Pittsburgh Pirates,72,90,0.444444444,45047000,86556646,0.520433752,-0.479566248,PIT,0.455319238,-0.36159653,Neal Huntington
2012,PIT,NL,Pittsburgh Pirates,Pittsburgh Pirates,79,83,0.487654321,62951999,85513487.5,0.736164561,-0.263835439,PIT,0.455319238,-0.36159653,Neal Huntington
2013,PIT,NL,Pittsburgh Pirates,Pittsburgh Pirates,94,68,0.580246914,77062000,89001762.5,0.865848022,-0.134151978,PIT,0.455319238,-0.36159653,Neal Huntington
2014,PIT,NL,Pittsburgh Pirates,Pittsburgh Pirates,88,74,0.543209877,77178000,97735250,0.789663913,-0.210336087,PIT,0.455319238,-0.36159653,Neal Huntington
2015,PIT,NL,Pittsburgh Pirates,Pittsburgh Pirates,98,64,0.604938272,88892499,112683050,0.788871964,-0.211128036,PIT,0.455319238,-0.36159653,Neal Huntington
2016,PIT,NL,Pittsburgh Pirates,Pittsburgh Pirates,78,83,0.48447205,103778833,122242896,0.848955943,-0.151044057,PIT,0.455319238,-0.36159653,Neal Huntington
2017,PIT,NL,Pittsburgh Pirates,Pittsburgh Pirates,75,87,0.462962963,100575946,135944410.5,0.739831418,-0.260168582,PIT,0.455319238,-0.36159653,Neal Huntington
2018,PIT,NL,Pittsburgh Pirates,Pittsburgh Pirates,82,79,0.50931677,87880000,137845000,0.637527658,-0.362472342,PIT,0.455319238,-0.36159653,Neal Huntington
2019,PIT,NL,Pittsburgh Pirates,Pittsburgh Pirates,69,93,0.425925926,54577502,100430133.5,0.543437513,-0.456562487,PIT,0.455319238,-0.36159653,Neal Huntington
1998,SDN,NL,San Diego Padres,San Diego Padres,98,64,0.604938272,46861500,42469917,1.103404558,0.103404558,SDN,0.471227269,-0.234280549,Kevin Towers
1999,SDN,NL,San Diego Padres,San Diego Padres,74,88,0.456790123,49768179,49773187,0.999899384,-0.000100616,SDN,0.471227269,-0.234280549,Kevin Towers
2000,SDN,NL,San Diego Padres,San Diego Padres,76,86,0.469135802,54821000,56543083.5,0.96954387,-0.03045613,SDN,0.471227269,-0.234280549,Kevin Towers
2001,SDN,NL,San Diego Padres,San Diego Padres,79,83,0.487654321,39182833,63998000,0.612250898,-0.387749102,SDN,0.471227269,-0.234280549,Kevin Towers
2002,SDN,NL,San Diego Padres,San Diego Padres,66,96,0.407407407,41425000,61107577,0.67790284,-0.32209716,SDN,0.471227269,-0.234280549,Kevin Towers
2003,SDN,NL,San Diego Padres,San Diego Padres,64,98,0.395061728,45210000,68979833.5,0.655408946,-0.344591054,SDN,0.471227269,-0.234280549,Kevin Towers
2004,SDN,NL,San Diego Padres,San Diego Padres,87,75,0.537037037,55384833,62319083.5,0.888729902,-0.111270098,SDN,0.471227269,-0.234280549,Kevin Towers
2005,SDN,NL,San Diego Padres,San Diego Padres,82,80,0.50617284,63290833,66191416.5,0.956178857,-0.043821143,SDN,0.471227269,-0.234280549,Kevin Towers
2006,SDN,NL,San Diego Padres,San Diego Padres,88,74,0.543209877,69896141,71975291,0.971113003,-0.028886997,SDN,0.471227269,-0.234280549,Kevin Towers
2007,SDN,NL,San Diego Padres,San Diego Padres,89,74,0.54601227,58110567,84616816.5,0.686749625,-0.313250375,SDN,0.471227269,-0.234280549,Kevin Towers
2008,SDN,NL,San Diego Padres,San Diego Padres,63,99,0.388888889,73677616,79953782.5,0.921502569,-0.078497431,SDN,0.471227269,-0.234280549,Kevin Towers
2009,SDN,NL,San Diego Padres,San Diego Padres,75,87,0.462962963,43333700,81058733,0.534596315,-0.465403685,SDN,0.471227269,-0.234280549,Kevin Towers
2010,SDN,NL,San Diego Padres,San Diego Padres,90,72,0.555555556,37799300,84325333,0.448255568,-0.551744432,SDN,0.471227269,-0.234280549,Jed Hoyer
2011,SDN,NL,San Diego Padres,San Diego Padres,71,91,0.438271605,45869140,86556646,0.52993204,-0.47006796,SDN,0.471227269,-0.234280549,Jed Hoyer
2012,SDN,NL,San Diego Padres,San Diego Padres,76,86,0.469135802,55244700,85513487.5,0.646034931,-0.353965069,SDN,0.471227269,-0.234280549,Josh Byrnes
2013,SDN,NL,San Diego Padres,San Diego Padres,76,86,0.469135802,65585500,89001762.5,0.736901137,-0.263098863,SDN,0.471227269,-0.234280549,Josh Byrnes
2014,SDN,NL,San Diego Padres,San Diego Padres,77,85,0.475308642,75685700,97735250,0.774395113,-0.225604887,SDN,0.471227269,-0.234280549,Josh Byrnes
2015,SDN,NL,San Diego Padres,San Diego Padres,74,88,0.456790123,118441300,112683050,1.051101297,0.051101297,SDN,0.471227269,-0.234280549,A. J. Preller
2016,SDN,NL,San Diego Padres,San Diego Padres,68,94,0.419753086,101424814,122242896,0.829699044,-0.170300956,SDN,0.471227269,-0.234280549,A. J. Preller
2017,SDN,NL,San Diego Padres,San Diego Padres,71,91,0.438271605,71624400,135944410.5,0.526865354,-0.473134646,SDN,0.471227269,-0.234280549,A. J. Preller
2018,SDN,NL,San Diego Padres,San Diego Padres,66,96,0.407407407,96130000,137845000,0.697377489,-0.302622511,SDN,0.471227269,-0.234280549,A. J. Preller
2019,SDN,NL,San Diego Padres,San Diego Padres,70,92,0.432098765,63068635,100430133.5,0.627985175,-0.372014825,SDN,0.471227269,-0.234280549,A. J. Preller
1998,SFN,NL,San Francisco Giants,San Francisco Giants,89,74,0.54601227,42565834,42469917,1.002258469,0.002258469,SFN,0.519679354,0.259751863,Brian Sabean
1999,SFN,NL,San Francisco Giants,San Francisco Giants,86,76,0.530864198,46595057,49773187,0.93614775,-0.06385225,SFN,0.519679354,0.259751863,Brian Sabean
2000,SFN,NL,San Francisco Giants,San Francisco Giants,97,65,0.598765432,53737826,56543083.5,0.950387256,-0.049612744,SFN,0.519679354,0.259751863,Brian Sabean
2001,SFN,NL,San Francisco Giants,San Francisco Giants,90,72,0.555555556,63280167,63998000,0.988783509,-0.011216491,SFN,0.519679354,0.259751863,Brian Sabean
2002,SFN,NL,San Francisco Giants,San Francisco Giants,95,66,0.590062112,78299835,61107577,1.281344129,0.281344129,SFN,0.519679354,0.259751863,Brian Sabean
2003,SFN,NL,San Francisco Giants,San Francisco Giants,100,61,0.621118012,82852167,68979833.5,1.201107089,0.201107089,SFN,0.519679354,0.259751863,Brian Sabean
2004,SFN,NL,San Francisco Giants,San Francisco Giants,91,71,0.561728395,82019166,62319083.5,1.316116371,0.316116371,SFN,0.519679354,0.259751863,Brian Sabean
2005,SFN,NL,San Francisco Giants,San Francisco Giants,75,87,0.462962963,90199500,66191416.5,1.3627069,0.3627069,SFN,0.519679354,0.259751863,Brian Sabean
2006,SFN,NL,San Francisco Giants,San Francisco Giants,76,85,0.472049689,90056419,71975291,1.251212989,0.251212989,SFN,0.519679354,0.259751863,Brian Sabean
2007,SFN,NL,San Francisco Giants,San Francisco Giants,71,91,0.438271605,90219056,84616816.5,1.066207165,0.066207165,SFN,0.519679354,0.259751863,Brian Sabean
2008,SFN,NL,San Francisco Giants,San Francisco Giants,72,90,0.444444444,76594500,79953782.5,0.957984696,-0.042015304,SFN,0.519679354,0.259751863,Brian Sabean
2009,SFN,NL,San Francisco Giants,San Francisco Giants,88,74,0.543209877,83026450,81058733,1.024275201,0.024275201,SFN,0.519679354,0.259751863,Brian Sabean
2010,SFN,NL,San Francisco Giants,San Francisco Giants,92,70,0.567901235,98641333,84325333,1.169771046,0.169771046,SFN,0.519679354,0.259751863,Brian Sabean
2011,SFN,NL,San Francisco Giants,San Francisco Giants,86,76,0.530864198,118198333,86556646,1.365560456,0.365560456,SFN,0.519679354,0.259751863,Brian Sabean
2012,SFN,NL,San Francisco Giants,San Francisco Giants,94,68,0.580246914,117620683,85513487.5,1.375463526,0.375463526,SFN,0.519679354,0.259751863,Brian Sabean
2013,SFN,NL,San Francisco Giants,San Francisco Giants,76,86,0.469135802,140180334,89001762.5,1.575028742,0.575028742,SFN,0.519679354,0.259751863,Brian Sabean
2014,SFN,NL,San Francisco Giants,San Francisco Giants,88,74,0.543209877,163510167,97735250,1.672990728,0.672990728,SFN,0.519679354,0.259751863,Brian Sabean
2015,SFN,NL,San Francisco Giants,San Francisco Giants,84,78,0.518518519,164701500,112683050,1.461635091,0.461635091,SFN,0.519679354,0.259751863,Brian Sabean
2016,SFN,NL,San Francisco Giants,San Francisco Giants,87,75,0.537037037,172253778,122242896,1.409110743,0.409110743,SFN,0.519679354,0.259751863,Bobby Evans
2017,SFN,NL,San Francisco Giants,San Francisco Giants,64,98,0.395061728,172354611,135944410.5,1.267831538,0.267831538,SFN,0.519679354,0.259751863,Bobby Evans
2018,SFN,NL,San Francisco Giants,San Francisco Giants,73,89,0.450617284,208510000,137845000,1.51264101,0.51264101,SFN,0.519679354,0.259751863,Bobby Evans
2019,SFN,NL,San Francisco Giants,San Francisco Giants,77,85,0.475308642,157271237,100430133.5,1.56597658,0.56597658,SFN,0.519679354,0.259751863,Farhan Zaidi
1998,SEA,AL,Seattle Mariners,Seattle Mariners,76,85,0.472049689,54087036,42469917,1.273537596,0.273537596,SEA,0.491153774,0.153599682,Woody Woodward
1999,SEA,AL,Seattle Mariners,Seattle Mariners,79,83,0.487654321,54125003,49773187,1.087432939,0.087432939,SEA,0.491153774,0.153599682,Woody Woodward
2000,SEA,AL,Seattle Mariners,Seattle Mariners,91,71,0.561728395,58915000,56543083.5,1.041948835,0.041948835,SEA,0.491153774,0.153599682,Pat Gillick
2001,SEA,AL,Seattle Mariners,Seattle Mariners,116,46,0.716049383,74720834,63998000,1.167549517,0.167549517,SEA,0.491153774,0.153599682,Pat Gillick
2002,SEA,AL,Seattle Mariners,Seattle Mariners,93,69,0.574074074,80282668,61107577,1.313792363,0.313792363,SEA,0.491153774,0.153599682,Pat Gillick
2003,SEA,AL,Seattle Mariners,Seattle Mariners,93,69,0.574074074,86959167,68979833.5,1.260646229,0.260646229,SEA,0.491153774,0.153599682,Pat Gillick
2004,SEA,AL,Seattle Mariners,Seattle Mariners,63,99,0.388888889,81515834,62319083.5,1.308039679,0.308039679,SEA,0.491153774,0.153599682,Bill Bavasi
2005,SEA,AL,Seattle Mariners,Seattle Mariners,69,93,0.425925926,87754334,66191416.5,1.325766068,0.325766068,SEA,0.491153774,0.153599682,Bill Bavasi
2006,SEA,AL,Seattle Mariners,Seattle Mariners,78,84,0.481481481,87959833,71975291,1.222083743,0.222083743,SEA,0.491153774,0.153599682,Bill Bavasi
2007,SEA,AL,Seattle Mariners,Seattle Mariners,88,74,0.543209877,106460833,84616816.5,1.25815219,0.25815219,SEA,0.491153774,0.153599682,Bill Bavasi
2008,SEA,AL,Seattle Mariners,Seattle Mariners,61,101,0.37654321,117666482,79953782.5,1.471681243,0.471681243,SEA,0.491153774,0.153599682,Bill Bavasi
2009,SEA,AL,Seattle Mariners,Seattle Mariners,85,77,0.524691358,98904166,81058733,1.220154354,0.220154354,SEA,0.491153774,0.153599682,Jack Zduriencik
2010,SEA,AL,Seattle Mariners,Seattle Mariners,61,101,0.37654321,86510000,84325333,1.0259076,0.0259076,SEA,0.491153774,0.153599682,Jack Zduriencik
2011,SEA,AL,Seattle Mariners,Seattle Mariners,67,95,0.413580247,86110600,86556646,0.994846774,-0.005153226,SEA,0.491153774,0.153599682,Jack Zduriencik
2012,SEA,AL,Seattle Mariners,Seattle Mariners,75,87,0.462962963,81978100,85513487.5,0.95865696,-0.04134304,SEA,0.491153774,0.153599682,Jack Zduriencik
2013,SEA,AL,Seattle Mariners,Seattle Mariners,71,91,0.438271605,74005043,89001762.5,0.831500871,-0.168499129,SEA,0.491153774,0.153599682,Jack Zduriencik
2014,SEA,AL,Seattle Mariners,Seattle Mariners,87,75,0.537037037,92531100,97735250,0.946752579,-0.053247421,SEA,0.491153774,0.153599682,Jack Zduriencik
2015,SEA,AL,Seattle Mariners,Seattle Mariners,76,86,0.469135802,122208700,112683050,1.084534897,0.084534897,SEA,0.491153774,0.153599682,Jack Zduriencik
2016,SEA,AL,Seattle Mariners,Seattle Mariners,86,76,0.530864198,135683339,122242896,1.109948663,0.109948663,SEA,0.491153774,0.153599682,Jerry Dipoto
2017,SEA,AL,Seattle Mariners,Seattle Mariners,78,84,0.481481481,154800918,135944410.5,1.138707487,0.138707487,SEA,0.491153774,0.153599682,Jerry Dipoto
2018,SEA,AL,Seattle Mariners,Seattle Mariners,89,73,0.549382716,162480000,137845000,1.178715224,0.178715224,SEA,0.491153774,0.153599682,Jerry Dipoto
2019,SEA,AL,Seattle Mariners,Seattle Mariners,68,94,0.419753086,116382175,100430133.5,1.158837203,0.158837203,SEA,0.491153774,0.153599682,Jerry Dipoto
1998,SLN,NL,St. Louis Cardinals,St. Louis Cardinals,83,79,0.512345679,54672521,42469917,1.287323472,0.287323472,SLN,0.553025075,0.18455141,Walt Jocketty
1999,SLN,NL,St. Louis Cardinals,St. Louis Cardinals,75,86,0.465838509,49778195,49773187,1.000100616,0.000100616,SLN,0.553025075,0.18455141,Walt Jocketty
2000,SLN,NL,St. Louis Cardinals,St. Louis Cardinals,95,67,0.586419753,61453863,56543083.5,1.086850225,0.086850225,SLN,0.553025075,0.18455141,Walt Jocketty
2001,SLN,NL,St. Louis Cardinals,St. Louis Cardinals,93,69,0.574074074,78538333,63998000,1.227199803,0.227199803,SLN,0.553025075,0.18455141,Walt Jocketty
2002,SLN,NL,St. Louis Cardinals,St. Louis Cardinals,97,65,0.598765432,74660875,61107577,1.221794067,0.221794067,SLN,0.553025075,0.18455141,Walt Jocketty
2003,SLN,NL,St. Louis Cardinals,St. Louis Cardinals,85,77,0.524691358,83786666,68979833.5,1.214654512,0.214654512,SLN,0.553025075,0.18455141,Walt Jocketty
2004,SLN,NL,St. Louis Cardinals,St. Louis Cardinals,105,57,0.648148148,83228333,62319083.5,1.335519207,0.335519207,SLN,0.553025075,0.18455141,Walt Jocketty
2005,SLN,NL,St. Louis Cardinals,St. Louis Cardinals,100,62,0.617283951,92106833,66191416.5,1.391522313,0.391522313,SLN,0.553025075,0.18455141,Walt Jocketty
2006,SLN,NL,St. Louis Cardinals,St. Louis Cardinals,83,78,0.51552795,88891371,71975291,1.235026212,0.235026212,SLN,0.553025075,0.18455141,Walt Jocketty
2007,SLN,NL,St. Louis Cardinals,St. Louis Cardinals,78,84,0.481481481,90286823,84616816.5,1.067008034,0.067008034,SLN,0.553025075,0.18455141,Walt Jocketty
2008,SLN,NL,St. Louis Cardinals,St. Louis Cardinals,86,76,0.530864198,99624449,79953782.5,1.246025465,0.246025465,SLN,0.553025075,0.18455141,John Mozeliak
2009,SLN,NL,St. Louis Cardinals,St. Louis Cardinals,91,71,0.561728395,88528409,81058733,1.092151403,0.092151403,SLN,0.553025075,0.18455141,John Mozeliak
2010,SLN,NL,St. Louis Cardinals,St. Louis Cardinals,86,76,0.530864198,93540751,84325333,1.109284099,0.109284099,SLN,0.553025075,0.18455141,John Mozeliak
2011,SLN,NL,St. Louis Cardinals,St. Louis Cardinals,90,72,0.555555556,105433572,86556646,1.21808754,0.21808754,SLN,0.553025075,0.18455141,John Mozeliak
2012,SLN,NL,St. Louis Cardinals,St. Louis Cardinals,88,74,0.543209877,110300862,85513487.5,1.289865087,0.289865087,SLN,0.553025075,0.18455141,John Mozeliak
2013,SLN,NL,St. Louis Cardinals,St. Louis Cardinals,97,65,0.598765432,92260110,89001762.5,1.036609921,0.036609921,SLN,0.553025075,0.18455141,John Mozeliak
2014,SLN,NL,St. Louis Cardinals,St. Louis Cardinals,90,72,0.555555556,120693000,97735250,1.234897337,0.234897337,SLN,0.553025075,0.18455141,John Mozeliak
2015,SLN,NL,St. Louis Cardinals,St. Louis Cardinals,100,62,0.617283951,119241500,112683050,1.058202631,0.058202631,SLN,0.553025075,0.18455141,John Mozeliak
2016,SLN,NL,St. Louis Cardinals,St. Louis Cardinals,86,76,0.530864198,143053500,122242896,1.170239782,0.170239782,SLN,0.553025075,0.18455141,John Mozeliak
2017,SLN,NL,St. Louis Cardinals,St. Louis Cardinals,83,79,0.512345679,152452933,135944410.5,1.121435831,0.121435831,SLN,0.553025075,0.18455141,John Mozeliak
2018,SLN,NL,St. Louis Cardinals,St. Louis Cardinals,88,74,0.543209877,161010000,137845000,1.168051072,0.168051072,SLN,0.553025075,0.18455141,John Mozeliak
2019,SLN,NL,St. Louis Cardinals,St. Louis Cardinals,91,71,0.561728395,125365166,100430133.5,1.248282379,0.248282379,SLN,0.553025075,0.18455141,John Mozeliak
1998,TBA,AL,Tampa Bay Devil Rays,Tampa Bay Rays,63,99,0.388888889,27280000,42469917,0.642337022,-0.357662978,TBA,0.473243701,-0.394386428,Chuck LaMar
1999,TBA,AL,Tampa Bay Devil Rays,Tampa Bay Rays,69,93,0.425925926,38870000,49773187,0.780942558,-0.219057442,TBA,0.473243701,-0.394386428,Chuck LaMar
2000,TBA,AL,Tampa Bay Devil Rays,Tampa Bay Rays,69,92,0.428571429,62765129,56543083.5,1.110040789,0.110040789,TBA,0.473243701,-0.394386428,Chuck LaMar
2001,TBA,AL,Tampa Bay Devil Rays,Tampa Bay Rays,62,100,0.382716049,56980000,63998000,0.890340323,-0.109659677,TBA,0.473243701,-0.394386428,Chuck LaMar
2002,TBA,AL,Tampa Bay Devil Rays,Tampa Bay Rays,55,106,0.341614907,34380000,61107577,0.562614355,-0.437385645,TBA,0.473243701,-0.394386428,Chuck LaMar
2003,TBA,AL,Tampa Bay Devil Rays,Tampa Bay Rays,63,99,0.388888889,19630000,68979833.5,0.284575926,-0.715424074,TBA,0.473243701,-0.394386428,Chuck LaMar
2004,TBA,AL,Tampa Bay Devil Rays,Tampa Bay Rays,70,91,0.434782609,29556667,62319083.5,0.474279552,-0.525720448,TBA,0.473243701,-0.394386428,Chuck LaMar
2005,TBA,AL,Tampa Bay Devil Rays,Tampa Bay Rays,67,95,0.413580247,29679067,66191416.5,0.448382412,-0.551617588,TBA,0.473243701,-0.394386428,Chuck LaMar
2006,TBA,AL,Tampa Bay Devil Rays,Tampa Bay Rays,61,101,0.37654321,34917967,71975291,0.485138254,-0.514861746,TBA,0.473243701,-0.394386428,Andrew Friedman
2007,TBA,AL,Tampa Bay Devil Rays,Tampa Bay Rays,66,96,0.407407407,24123500,84616816.5,0.285091085,-0.714908915,TBA,0.473243701,-0.394386428,Andrew Friedman
2008,TBA,AL,Tampa Bay Rays,Tampa Bay Rays,97,65,0.598765432,43820597,79953782.5,0.548074095,-0.451925905,TBA,0.473243701,-0.394386428,Andrew Friedman
2009,TBA,AL,Tampa Bay Rays,Tampa Bay Rays,84,78,0.518518519,63313034,81058733,0.781076038,-0.218923962,TBA,0.473243701,-0.394386428,Andrew Friedman
2010,TBA,AL,Tampa Bay Rays,Tampa Bay Rays,96,66,0.592592593,71923471,84325333,0.852928396,-0.147071604,TBA,0.473243701,-0.394386428,Andrew Friedman
2011,TBA,AL,Tampa Bay Rays,Tampa Bay Rays,91,71,0.561728395,41053571,86556646,0.474297156,-0.525702844,TBA,0.473243701,-0.394386428,Andrew Friedman
2012,TBA,AL,Tampa Bay Rays,Tampa Bay Rays,90,72,0.555555556,64173500,85513487.5,0.750448869,-0.249551131,TBA,0.473243701,-0.394386428,Andrew Friedman
2013,TBA,AL,Tampa Bay Rays,Tampa Bay Rays,92,71,0.564417178,52955272,89001762.5,0.594991273,-0.405008727,TBA,0.473243701,-0.394386428,Andrew Friedman
2014,TBA,AL,Tampa Bay Rays,Tampa Bay Rays,77,85,0.475308642,72689100,97735250,0.743734732,-0.256265268,TBA,0.473243701,-0.394386428,Andrew Friedman
2015,TBA,AL,Tampa Bay Rays,Tampa Bay Rays,80,82,0.49382716,64521233,112683050,0.572590403,-0.427409597,TBA,0.473243701,-0.394386428,Erik Neander
2016,TBA,AL,Tampa Bay Rays,Tampa Bay Rays,68,94,0.419753086,57097310,122242896,0.467080803,-0.532919197,TBA,0.473243701,-0.394386428,Erik Neander
2017,TBA,AL,Tampa Bay Rays,Tampa Bay Rays,80,82,0.49382716,69962532,135944410.5,0.51464074,-0.48535926,TBA,0.473243701,-0.394386428,Erik Neander
2018,TBA,AL,Tampa Bay Rays,Tampa Bay Rays,90,72,0.555555556,78730000,137845000,0.571148754,-0.428851246,TBA,0.473243701,-0.394386428,Erik Neander
2019,TBA,AL,Tampa Bay Rays,Tampa Bay Rays,96,66,0.592592593,49084731,100430133.5,0.488745054,-0.511254946,TBA,0.473243701,-0.394386428,Erik Neander
1998,TEX,AL,Texas Rangers,Texas Rangers,88,74,0.543209877,56572095,42469917,1.33205099,0.33205099,TEX,0.505455027,0.161132973,Doug Melvin
1999,TEX,AL,Texas Rangers,Texas Rangers,95,67,0.586419753,76709931,49773187,1.541189858,0.541189858,TEX,0.505455027,0.161132973,Doug Melvin
2000,TEX,AL,Texas Rangers,Texas Rangers,71,91,0.438271605,70795921,56543083.5,1.252070397,0.252070397,TEX,0.505455027,0.161132973,Doug Melvin
2001,TEX,AL,Texas Rangers,Texas Rangers,73,89,0.450617284,88633500,63998000,1.384941717,0.384941717,TEX,0.505455027,0.161132973,John Hart
2002,TEX,AL,Texas Rangers,Texas Rangers,72,90,0.444444444,105526122,61107577,1.726890955,0.726890955,TEX,0.505455027,0.161132973,John Hart
2003,TEX,AL,Texas Rangers,Texas Rangers,71,91,0.438271605,103491667,68979833.5,1.500317727,0.500317727,TEX,0.505455027,0.161132973,John Hart
2004,TEX,AL,Texas Rangers,Texas Rangers,89,73,0.549382716,55050417,62319083.5,0.883363713,-0.116636287,TEX,0.505455027,0.161132973,John Hart
2005,TEX,AL,Texas Rangers,Texas Rangers,79,83,0.487654321,55849000,66191416.5,0.843749884,-0.156250116,TEX,0.505455027,0.161132973,John Hart
2006,TEX,AL,Texas Rangers,Texas Rangers,80,82,0.49382716,68228662,71975291,0.947945622,-0.052054378,TEX,0.505455027,0.161132973,Jon Daniels
2007,TEX,AL,Texas Rangers,Texas Rangers,75,87,0.462962963,68318675,84616816.5,0.80738886,-0.19261114,TEX,0.505455027,0.161132973,Jon Daniels
2008,TEX,AL,Texas Rangers,Texas Rangers,79,83,0.487654321,67712326,79953782.5,0.846893341,-0.153106659,TEX,0.505455027,0.161132973,Jon Daniels
2009,TEX,AL,Texas Rangers,Texas Rangers,87,75,0.537037037,68178798,81058733,0.841103672,-0.158896328,TEX,0.505455027,0.161132973,Jon Daniels
2010,TEX,AL,Texas Rangers,Texas Rangers,90,72,0.555555556,55250544,84325333,0.655206947,-0.344793053,TEX,0.505455027,0.161132973,Jon Daniels
2011,TEX,AL,Texas Rangers,Texas Rangers,96,66,0.592592593,92299264,86556646,1.0663452,0.0663452,TEX,0.505455027,0.161132973,Jon Daniels
2012,TEX,AL,Texas Rangers,Texas Rangers,93,69,0.574074074,120510974,85513487.5,1.409262767,0.409262767,TEX,0.505455027,0.161132973,Jon Daniels
2013,TEX,AL,Texas Rangers,Texas Rangers,91,72,0.558282209,112522600,89001762.5,1.26427384,0.26427384,TEX,0.505455027,0.161132973,Jon Daniels
2014,TEX,AL,Texas Rangers,Texas Rangers,67,95,0.413580247,112255059,97735250,1.148562663,0.148562663,TEX,0.505455027,0.161132973,Jon Daniels
2015,TEX,AL,Texas Rangers,Texas Rangers,88,74,0.543209877,143742789,112683050,1.275638075,0.275638075,TEX,0.505455027,0.161132973,Jon Daniels
2016,TEX,AL,Texas Rangers,Texas Rangers,95,67,0.586419753,176038723,122242896,1.440073237,0.440073237,TEX,0.505455027,0.161132973,Jon Daniels
2017,TEX,AL,Texas Rangers,Texas Rangers,78,84,0.481481481,175909063,135944410.5,1.293977901,0.293977901,TEX,0.505455027,0.161132973,Jon Daniels
2018,TEX,AL,Texas Rangers,Texas Rangers,67,95,0.413580247,144000000,137845000,1.044651601,0.044651601,TEX,0.505455027,0.161132973,Jon Daniels
2019,TEX,AL,Texas Rangers,Texas Rangers,78,84,0.481481481,104349564,100430133.5,1.039026439,0.039026439,TEX,0.505455027,0.161132973,Jon Daniels
1998,TOR,AL,Toronto Blue Jays,Toronto Blue Jays,88,74,0.543209877,51376000,42469917,1.20970333,0.20970333,TOR,0.497030345,-0.007451717,Gord Ash
1999,TOR,AL,Toronto Blue Jays,Toronto Blue Jays,84,78,0.518518519,45444333,49773187,0.913028394,-0.086971606,TOR,0.497030345,-0.007451717,Gord Ash
2000,TOR,AL,Toronto Blue Jays,Toronto Blue Jays,83,79,0.512345679,44838332,56543083.5,0.792994107,-0.207005893,TOR,0.497030345,-0.007451717,Gord Ash
2001,TOR,AL,Toronto Blue Jays,Toronto Blue Jays,80,82,0.49382716,76895999,63998000,1.201537532,0.201537532,TOR,0.497030345,-0.007451717,Gord Ash
2002,TOR,AL,Toronto Blue Jays,Toronto Blue Jays,78,84,0.481481481,76864333,61107577,1.257852737,0.257852737,TOR,0.497030345,-0.007451717,J. P. Ricciardi
2003,TOR,AL,Toronto Blue Jays,Toronto Blue Jays,86,76,0.530864198,51269000,68979833.5,0.743246213,-0.256753787,TOR,0.497030345,-0.007451717,J. P. Ricciardi
2004,TOR,AL,Toronto Blue Jays,Toronto Blue Jays,67,94,0.416149068,50017000,62319083.5,0.802595244,-0.197404756,TOR,0.497030345,-0.007451717,J. P. Ricciardi
2005,TOR,AL,Toronto Blue Jays,Toronto Blue Jays,80,82,0.49382716,45719500,66191416.5,0.690716447,-0.309283553,TOR,0.497030345,-0.007451717,J. P. Ricciardi
2006,TOR,AL,Toronto Blue Jays,Toronto Blue Jays,87,75,0.537037037,71365000,71975291,0.991520826,-0.008479174,TOR,0.497030345,-0.007451717,J. P. Ricciardi
2007,TOR,AL,Toronto Blue Jays,Toronto Blue Jays,83,79,0.512345679,81942800,84616816.5,0.968398522,-0.031601478,TOR,0.497030345,-0.007451717,J. P. Ricciardi
2008,TOR,AL,Toronto Blue Jays,Toronto Blue Jays,86,76,0.530864198,97793900,79953782.5,1.223130375,0.223130375,TOR,0.497030345,-0.007451717,J. P. Ricciardi
2009,TOR,AL,Toronto Blue Jays,Toronto Blue Jays,75,87,0.462962963,80538300,81058733,0.993579557,-0.006420443,TOR,0.497030345,-0.007451717,J. P. Ricciardi
2010,TOR,AL,Toronto Blue Jays,Toronto Blue Jays,85,77,0.524691358,62234000,84325333,0.738022582,-0.261977418,TOR,0.497030345,-0.007451717,Alex Anthopoulos
2011,TOR,AL,Toronto Blue Jays,Toronto Blue Jays,81,81,0.5,62567800,86556646,0.722853794,-0.277146206,TOR,0.497030345,-0.007451717,Alex Anthopoulos
2012,TOR,AL,Toronto Blue Jays,Toronto Blue Jays,73,89,0.450617284,75009200,85513487.5,0.877162214,-0.122837786,TOR,0.497030345,-0.007451717,Alex Anthopoulos
2013,TOR,AL,Toronto Blue Jays,Toronto Blue Jays,74,88,0.456790123,126288100,89001762.5,1.418939316,0.418939316,TOR,0.497030345,-0.007451717,Alex Anthopoulos
2014,TOR,AL,Toronto Blue Jays,Toronto Blue Jays,83,79,0.512345679,109920100,97735250,1.124672009,0.124672009,TOR,0.497030345,-0.007451717,Alex Anthopoulos
2015,TOR,AL,Toronto Blue Jays,Toronto Blue Jays,93,69,0.574074074,112992400,112683050,1.002745311,0.002745311,TOR,0.497030345,-0.007451717,Alex Anthopoulos
2016,TOR,AL,Toronto Blue Jays,Toronto Blue Jays,89,73,0.549382716,138701700,122242896,1.134640168,0.134640168,TOR,0.497030345,-0.007451717,Ross Atkins
2017,TOR,AL,Toronto Blue Jays,Toronto Blue Jays,76,86,0.469135802,177795368,135944410.5,1.307853463,0.307853463,TOR,0.497030345,-0.007451717,Ross Atkins
2018,TOR,AL,Toronto Blue Jays,Toronto Blue Jays,73,89,0.450617284,162316000,137845000,1.177525482,0.177525482,TOR,0.497030345,-0.007451717,Ross Atkins
2019,TOR,AL,Toronto Blue Jays,Toronto Blue Jays,67,95,0.413580247,54568171,100430133.5,0.543344603,-0.456655397,TOR,0.497030345,-0.007451717,Ross Atkins
2005,WAS,NL,Washington Nationals,Washington Nationals,81,81,0.5,48581500,66191416.5,0.733954681,-0.266045319,WAS,0.503235948,-0.139725441,Jim Bowden
2006,WAS,NL,Washington Nationals,Washington Nationals,71,91,0.438271605,63143000,71975291,0.877287179,-0.122712821,WAS,0.503235948,-0.139725441,Jim Bowden
2007,WAS,NL,Washington Nationals,Washington Nationals,73,89,0.450617284,36947500,84616816.5,0.436644884,-0.563355116,WAS,0.503235948,-0.139725441,Jim Bowden
2008,WAS,NL,Washington Nationals,Washington Nationals,59,102,0.366459627,54961000,79953782.5,0.687409629,-0.312590371,WAS,0.503235948,-0.139725441,Jim Bowden
2009,WAS,NL,Washington Nationals,Washington Nationals,59,103,0.364197531,59928000,81058733,0.739315775,-0.260684225,WAS,0.503235948,-0.139725441,Jim Bowden
2010,WAS,NL,Washington Nationals,Washington Nationals,69,93,0.425925926,61400000,84325333,0.728132316,-0.271867684,WAS,0.503235948,-0.139725441,Mike Rizzo
2011,WAS,NL,Washington Nationals,Washington Nationals,80,81,0.49689441,63856928,86556646,0.737747255,-0.262252745,WAS,0.503235948,-0.139725441,Mike Rizzo
2012,WAS,NL,Washington Nationals,Washington Nationals,98,64,0.604938272,80855143,85513487.5,0.945525032,-0.054474968,WAS,0.503235948,-0.139725441,Mike Rizzo
2013,WAS,NL,Washington Nationals,Washington Nationals,86,76,0.530864198,113703270,89001762.5,1.277539532,0.277539532,WAS,0.503235948,-0.139725441,Mike Rizzo
2014,WAS,NL,Washington Nationals,Washington Nationals,96,66,0.592592593,131983680,97735250,1.350420447,0.350420447,WAS,0.503235948,-0.139725441,Mike Rizzo
2015,WAS,NL,Washington Nationals,Washington Nationals,83,79,0.512345679,155587472,112683050,1.380753112,0.380753112,WAS,0.503235948,-0.139725441,Mike Rizzo
2016,WAS,NL,Washington Nationals,Washington Nationals,95,67,0.586419753,141652646,122242896,1.158780188,0.158780188,WAS,0.503235948,-0.139725441,Mike Rizzo
2017,WAS,NL,Washington Nationals,Washington Nationals,97,65,0.598765432,167846918,135944410.5,1.234673183,0.234673183,WAS,0.503235948,-0.139725441,Mike Rizzo
2018,WAS,NL,Washington Nationals,Washington Nationals,82,80,0.50617284,181590000,137845000,1.317349197,0.317349197,WAS,0.503235948,-0.139725441,Mike Rizzo
2019,WAS,NL,Washington Nationals,Washington Nationals,93,69,0.574074074,154176081,100430133.5,1.535157583,0.535157583,WAS,0.503235948,-0.139725441,Mike Rizzo